"Property: Property Name","# of Dock Doors","# of Grade Level Doors","# of Parking Spaces","Available SF","Ceiling Height (ft)","City","Land Size (Acres)","Lease Price (PSF)","Net Operating Income","Lead Broker","Year Built","Warehouse Space (SF)","Price (PSF)","Price (per Unit)","Price (total)","Sprinkler Type","Unit Amenities","# of Bathrooms","# of Bedrooms","# of Buildings","# of Elevators","# Of Units","# of Floors","Access Frontage","Building Status","Sales (per SF)","Building Type","Lease Structure","Truck Court Depth (ft)","Traffic (per Day)","In-Place Rent (psf)","Building Size (SF)","Dock Height (ft)","Listing Status"
"2905 W Olive St","","","103","","","Rogers","0.00","","","","1980","","","","","","","","","","","15","","","","","","","","","","20","","For Sale"
"2028 N Shiloh Drive, Fayetteville","","","","","","Fayetteville","0.00","12.00","","Palmer","","","","","","","","","","","","","1","","","","","NNN","","","","6400","","For Sale"
"2102 Old Columbian Rd","","","","","","Birmingham","0.00","","","","","","","","","","","","","","","","","","","","","","","","","36524","","For Sale"
"0 Wallis Rd","","","","","","Cave Springs","0.67","","","Clinton","","","","","","","","","","","","","","","","","","","","","","0","","For Sale"
"101 Block Ave","","","","","","Fayetteville","0.00","","","Cameron","","","","","","","","","","","","","","","","","","","","","","8144","","For Sale"
"1711 Ford Ave","","","","","","Springdale","0.04","","","Palmer","","","","","","","","","","4","","","","","","","","","","","","28000","","For Sale"
"11817 Walters Rd","","","","","","Bentonville","0.00","","","Cameron","","","","","120000.00","","","","","","","","","","","","","","","","","1704","","For Sale"
"1303 E Joyce Blvd","","","","","","Fayetteville","0.00","","","Clinton","","","","","","","","","","","","","","","","","","","","","","63688","","For Sale"
"1618 E Centerton Blvd","","","","","","Centerton","1.05","","","","","","","","","","","","","","","","","","","","","","","","","0","","For Sale"
"1765 65 Hwy S","","","","","","Harrison","3.75","","","Palmer","","","","","1100000.00","","","","","","","","","","","","","","","","","0","","For Sale"
"1315 & 1317 S Duncan Ave","","","","","","Fayetteville","5.20","","","","","","","","570000.00","","","","","","","","","","","","","","","","","4792","","For Sale"
"2218 Worth Ln","","","","","","Springdale","0.00","","","Palmer","","","","","","","","","","","","5","","","","","","","","","","57700","","For Sale"
"2324 E Robinson Ave","","","","","","Springdale","0.96","5416.67","","Palmer","","5000","","","","","","","","1","","","","","","","","","","","","5000","","For Sale"
"3151 Apex Dr","","","","","","Charlotte","0.00","","","","","","","","","","","","","","","","","","","","","NNN","","","","6106","","For Sale"
"3195 Hwy 412","","","","","","Siloam Springs","0.00","","","","","","","","","","","","","","","","","","","","","","","","","1368","","For Sale"
"3801 W Main","","","","","","Russellville","0.00","","","","","","","","","","","","","","","","","","","","","","","","","2572","","For Sale"
"3711 Southern Hills Blvd","","","","","","Rogers","1.37","","","Cameron","","","","","","","","","","","","","","","","","","","","","","0","","For Sale"
"412 Albano St","4","","","","","Springdale","0.00","7.25","","Palmer","","","","","","","","","","","","","","","","","","NNN","","","","13778","","For Sale"
"450 N Patterson Ave","","","","","","Winston-Salem","0.00","","","","","","","","","","","","","","","","","","","","","","","","","5388","","For Sale"
"5180 W Northgate Rd","","","","","","Rogers","0.00","29.25","","","","","","","","","","","","","","","","","","","","","","","","6300","","For Sale"
"770 Reddish Ln, Springdale","","2","","","","Springdale","1.25","8.50","","Palmer","1976","","125.00","","900000.00","","","","","1","","1","","","","","","","","","","7200","","For Sale"
"N Old Missouri Rd","","","","","","Springdale","3.98","","","","","","","","64000.00","","","","","","","","","","","","","","","","","0","","For Sale"
"W Pleasant Grove Rd & N Main St","","","","","","Rogers","0.95","","","","","","","","520000.00","","","","","","","","","","","","","","","","","0","","For Sale"
"4415 W Walnut St and N 46th St","","","","","","Rogers","0.00","","","Corey","","","","","","","","","","","","","","","","","","NNN","","","","10952","","For Sale"
"506 Enterprise Dr","","","","","","Lowell","0.00","","","","","","","","","","","","","","","","","","","","","","","","","3968","","For Sale"
"3480 Bella Vista Way","","","","","","Bella Vista","0.00","","","Clinton","","","","","","","","","","","","","","","","","","","","","","1945","","For Sale"
"2828 N Crossover Rd","","","","","","Fayetteville","3.68","","","Corey","","","","","","","","","","","","","","","","","","","","","","14465","","For Sale"
"4100 N Promenade Blvd","","","","","","Rogers","0.00","","","Cameron","","","","","","","","","","","","","","","","","","","","","","103393","","For Sale"
"1100 W Hudson Rd","","","","","","Rogers","0.00","","","Cameron","","","","","","","","","","","","","","","","","","","","","","42032","","For Sale"
"101 E Walnut St","","","","","","Rogers","0.00","","","Cameron","","","","","","","","","","","","","","","","","","","","","","22220","","For Sale"
"916 W Monroe Ave","","","","","","Lowell","0.00","","","Cameron","","","","","","","","","","","","","","","","","","","","","","39832","","For Sale"
"1205 N Futrall Dr","","","","","","Fayetteville","0.00","","","Cameron","","","","","","","","","","","","","","","","","","","","","","27500","","For Sale"
"3505 N Steele Blvd","","","","","","Fayetteville","0.00","","","Cameron","","","","","","","","","","","","","","","","","","","","","","22228","","For Sale"
"4355 E Robinson Ave","","","","","","Springdale","0.00","","","Cameron","","","","","","","","","","","","","","","","","","","","","","20800","","For Sale"
"800 E Audrey Ln","","","","","","Rogers","0.00","","","Cameron","","","","","","","","","","","","","","","","","","","","","","19832","","For Sale"
"2588  N Gregg Ave","","","","","","Fayetteville","0.00","","","Cameron","","","","","","","","","","","","","","","","","","","","","","19575","","For Sale"
"3311 N College Ave","","","","","","Fayetteville","0.00","","","Cameron","","","","","","","","","","","","","","","","","","","","","","19300","","For Sale"
"1822 N Crossover Rd","","","","","","Fayetteville","0.00","","","","","","","","","","","","","","","","","","","","","","","","","1800","","For Sale"
"203 Main St","","","","","","Hope","0.00","7.80","","","","","","","","","","","","","","","","","","","","","","","","2400","","For Sale"
"2101 Old Columbian Rd","","","","","","Birmingham","0.00","","","","","","","","","","","","","","","","","","","","","","","","","36524","","For Sale"
"2206 E Highland Dr","","","","","","Jonesboro","0.00","","","Corey","","","","","","","","","","","","","","","","","","","","","","5537","","For Sale"
"7 N Block Ave","","","","","","Fayetteville","0.00","","","Cameron","","","","","","","","","","","","","","","","","","","","","","19227","","For Sale"
"2143 W Martin Luther King Jr Blvd","","","","","","Fayetteville","0.00","","","Cameron","","","","","","","","","","","","","","","","","","","","","","17175","","For Sale"
"718 N 2nd St","","","","","","Rogers","0.00","","","Cameron","","","","","","","","","","","","","","","","","","","","","","16230","","For Sale"
"307 S Main St","","","","","","Bentonville","0.25","","","Michael","2018","","","","","","","","","1","","","4","","","","","","","","","17415","","For Sale"
"13106 NE Hwy 62 Rd","","","","","","Rogers","0.00","","","Cameron","","","","","","","","","","","","","","","","","","","","","","15644","","For Sale"
"838 N 48th St","","","","","","Springdale","0.00","","","Cameron","","","","","","","","","","","","","","","","","","","","","","15264","","For Sale"
"2201 E Central Ave","","","","","","Bentonville","0.00","","","Cameron","","","","","","","","","","","","","","","","","","","","","","15000","","For Sale"
"25 Collins Industrial Place","","","","","","North Little Rock","0.00","","","Palmer","","","","","","","","","","","","","","","","","","","","","","3520","","For Sale"
"1311 W Clayton St","","","","","","Springdale","0.00","","","Cameron","","","","","","","","","","","","","","","","","","","","","","14613","","For Sale"
"250 E Centerton Blvd","","","","","","Centerton","1.59","","","Clinton","","","","","1325000.00","","","","","","","","","","","","","","","","","0","","For Sale"
"200 W Dickson St","","","","","","Fayetteville","0.00","","","Cameron","","","","","","","","","","","","","","","","","","","","","","13810","","For Sale"
"2333 N College Ave","","","","","","Fayetteville","0.00","","","Cameron","","","","","","","","","","","","","","","","","","","","","","12550","","For Sale"
"2940 W Sunset Ave","","","","","","Springdale","0.00","","","Cameron","","","","","","","","","","","","","","","","","","","","","","13168","","For Sale"
"1250 N Leverett Ave","","","","","","Fayetteville","0.00","","","Cameron","","","","","","","","","","","","","","","","","","","","","","13600","","For Sale"
"3533 N Shiloh Dr","","","","","","Fayetteville","0.00","","","Cameron","","","","","","","","","","","","","","","","","","","","","","13398","","For Sale"
"320 SW 28th St","","","","","","Bentonville","0.00","","","Cameron","","","","","","","","","","","","","","","","","","","","","","12154","","For Sale"
"1986 W Sunset Ave","","","","","","Springdale","0.00","","","Palmer","","","","","","","","","","1","","","","","","","","","","","","9800","","For Sale"
"211 Commercial Ave","","","","","","Lowell","0.00","","","Palmer","","","","","","","","","","1","","","","","","","","","","","","12070","","For Sale"
"2605 W Pleasant Grove Rd","","","","","","Rogers","0.00","","","Cameron","","","","","","","","","","","","","","","","","","","","","","10160","","For Sale"
"1711 W Hudson Rd","","","","","","Rogers","0.00","","","Cameron","","","","","","","","","","","","","","","","","","","","","","9267","","For Sale"
"1102 S Thompson St","","","","","","Springdale","0.00","","","Cameron","","","","","","","","","","","","","","","","","","","","","","8520","","For Sale"
"181 S 40th St","","","","","","Springdale","0.00","","","Cameron","","","","","","","","","","","","","","","","","","","","","","9500","","For Sale"
"233 E Main St","","","","","","Farmington","0.00","","","Cameron","","","","","","","","","","","","","","","","","","","","","","7746","","For Sale"
"117 W Walnut St","","","","","","Rogers","0.00","","","Cameron","","","","","","","","","","","","","","","","","","","","","","8648","","For Sale"
"643 E Van Asche Dr","","","","","","Fayetteville","0.00","","","Cameron","","","","","","","","","","","","","","","","","","","","","","7202","","For Sale"
"1014 Athens Ave","","","","","","Springdale","1.04","","","Palmer","","","","","","","","","","1","","","","","","","","NNN","","","","7500","","For Sale"
"105 S Dixieland St","","","","","","Lowell","0.00","","","Cameron","","","","","","","","","","","","","","","","","","","","","","8399","","For Sale"
"5204 S Thompson St","","","","","","Springdale","0.00","","","Cameron","","","","","","","","","","","","","","","","","","","","","","8330","","For Sale"
"514 W Centerton Blvd","","","","","","Centerton","0.00","","","Corey","","","","","","","","","","","","","","","","","","","","","","8000","","For Sale"
"2015 Main Dr","","","","","","Fayetteville","0.00","","","Cameron","","","","","","","","","","","","","","","","","","","","","","7945","","For Sale"
"3427 S Thompson St","","","","","","Springdale","0.00","","","Cameron","","","","","","","","","","","","","","","","","","","","","","7575","","For Sale"
"2707 SE Moberly Ln","","","","","","Bentonville","0.00","","","Cameron","","","","","","","","","","","","","","","","","","","","","","7013","","For Sale"
"2922 S 26th St","","","","","","Rogers","0.00","","","Cameron","","","","","","","","","","","","","","","","","","","","","","7138","","For Sale"
"115 S Main St","","","","","","Cave Springs","0.00","","","Cameron","","","","","","","","","","","","","","","","","","","","","","6999","","For Sale"
"604 Jean Mary Ave","","","","","","Tontitown","0.00","","","Palmer","","","","","","","","","","","","","","","","","","","","","","6800","","For Sale"
"218 N 1st St","","","","","","Rogers","0.00","","","Cameron","","","","","","","","","","","","","","","","","","","","","","6741","","For Sale"
"230 W Main St","","","","","","Farmington","0.00","","","Cameron","","","","","","","","","","","","","","","","","","","","","","6580","","For Sale"
"3467 N Shiloh Dr","","","","","","Fayetteville","0.00","","","Cameron","","","","","","","","","","","","","","","","","","","","","","6500","","For Sale"
"6938 W Sunset Ave","","","","","","Springdale","0.00","","","Cameron","","","","","","","","","","","","","","","","","","","","","","5546","","For Sale"
"103 W Chestnut St","","","","","","Rogers","0.00","","","Cameron","","","","","","","","","","","","","","","","","","","","","","6040","","For Sale"
"428 Holcomb St","","","","","","Springdale","0.00","","","Cameron","","","","","","","","","","","","","","","","","","","","","","6354","","For Sale"
"717 S Hwy 62","","","","","","Avoca","0.00","","","Cameron","","","","","","","","","","","","","","","","","","","","","","6440","","For Sale"
"57 N Allen St","","","","","","Greenland","0.00","","","Corey","","","","","","","","","","","","","","","","","","","","","","6378","","For Sale"
"3716 N Thompson St","","","","","","Springdale","0.00","","","Cameron","","","","","","","","","","","","","","","","","","","","","","6252","","For Sale"
"402 S Metro Prkwy","","","","","","Rogers","0.00","","","Cameron","","","","","","","","","","","","","","","","","","","","","","6000","","For Sale"
"416 N College Ave","","","","","","Fayetteville","0.00","","","Cameron","","","","","","","","","","","","","","","","","","","","","","4720","","For Sale"
"1930 N College Ave","","","","","","Fayetteville","0.00","","","Cameron","","","","","","","","","","","","","","","","","","","","","","5625","","For Sale"
"5266 N Thompson St","","","","","","Springdale","0.00","","","Cameron","","","","","","","","","","","","","","","","","","","","","","5195","","For Sale"
"9141 Greenhouse Rd","","","","","","Bentonville","0.00","","","Palmer","","","","","","","","","","","","","","","","","","","","","","4644","","For Sale"
"2351 W Sunset Ave","","","","","","Springdale","0.00","","","Cameron","","","","","","","","","","","","","","","","","","","","","","4950","","For Sale"
"11219 N Old Wire Rd","","","","","","Rogers","0.00","","","Cameron","","","","","","","","","","","","","","","","","","","","","","4800","","For Sale"
"228 E County Line Rd","","","","","","Springdale","0.00","","","Cameron","","","","","","","","","","","","","","","","","","","","","","5384","","For Sale"
"1 Shoppes at Har-Ber MASTER","","","","","","Springdale","0.00","","","Clinton","","","","","","","","","","","","","","","","","","","","","","6326","","For Sale"
"2589 W Martin Luther King Jr Blvd","","","","","","Fayetteville","0.00","","","Cameron","","","","","","","","","","","","","","","","","","","","","","4892","","For Sale"
"902 W Olrich St","","","","","","Rogers","0.00","","","Cameron","","","","","","","","","","","","","","","","","","","","","","5355","","For Sale"
"903 SE 21st St","","","","","","Bentonville","0.00","","","Cameron","","","","","","","","","","","","","","","","","","","","","","5250","","For Sale"
"909 SE 21st St","","","","","","Bentonville","0.00","","","Palmer","","","","","","","","","","","","","","","","","","","","","","5000","","For Sale"
"304 W Sunset Ave","","","","","","Springdale","0.00","","","Cameron","","","","","","","","","","","","","","","","","","","","","","4960","","For Sale"
"109 W Emma Ave","","","","","","Springdale","0.00","","","Cameron","","","","","","","","","","","","","","","","","","","","","","4708","","For Sale"
"705 Hatcher Rd","","","","","","Springdale","3.01","","","Palmer","","","","","","","","","","1","","","","","","","","","","","","4452","","For Sale"
"3485 Bella Vista Way","","","","","","Bella Vista","0.00","","","Clinton","","","","","","","","","","","","","","","","","","","","","","1449","","For Sale"
"406 N Bloomington St","","","","","","Lowell","0.00","","","Cameron","","","","","","","","","","","","","","","","","","","","","","3730","","For Sale"
"1010 Clayton St","","","","","","Springdale","0.00","","","Palmer","","","","","","","","","","1","","","","","","","","","","","","3588","","For Sale"
"209 S Walton Blvd","","","","","","Bentonville","0.00","","","Cameron","","","","","","","","","","","","","","","","","","","","","","4228","","For Sale"
"1260 E Robinson Ave","","","","","","Springdale","0.00","","","Cameron","","","","","","","","","","","","","","","","","","","","","","3376","","For Sale"
"849 W Banz Rd","","","","","","Rogers","0.28","","","Palmer","","","","","","","","","","1","","","","","","","","","","","","4250","","For Sale"
"389 E Pickens Rd","","","","","","Pea Ridge","0.00","","","Cameron","","","","","","","","","","","","","","","","","","","","","","3860","","For Sale"
"2190 W Martin Luther King Jr Blvd","","","","","","Fayetteville","0.00","","","Cameron","","","","","","","","","","","","","","","","","","","","","","3249","","For Sale"
"927 NW 12th St & 1146 NW J St","","","","","","Bentonville","0.00","","","Michael","","","","","","","","","","","","","","","","","","","","","","4000","","For Sale"
"600 S Thompson St","","","","","","Springdale","0.00","","","Corey","","","","","","","","","","","","","","","","","","","","","","3365","","For Sale"
"815 N 2nd St","","","","","","Rogers","0.00","","","Cameron","","","","","","","","","","","","","","","","","","","","","","0","","For Sale"
"3895 Gene George Anderson Rd","","","","","","Springdale","3.48","","","Corey","","","","","","","","","","","","","","","","","","","","","","6170","","For Sale"
"1104 Century St","","","","","","Springdale","0.00","","","Palmer","","","","","","","","","","1","","","","","","","","","","","","3600","","For Sale"
"414 Holcomb St","","","","","","Springdale","0.00","","","Cameron","","","","","","","","","","","","","","","","","","","","","","3575","","For Sale"
"115 N Block Ave","","","","","","Fayetteville","0.00","","","Cameron","","","","","","","","","","","","","","","","","","","","","","3545","","For Sale"
"1505 W Walnut St","","","","","","Rogers","0.00","","","Cameron","","","","","","","","","","","","","","","","","","","","","","3006","","For Sale"
"2140 Creekview Dr","","","","","","Fayetteville","0.00","","","Cameron","","","","","","","","","","","","","","","","","","","","","","3000","","For Sale"
"704 N College Ave","","","","","","Fayetteville","0.00","","","Cameron","","","","","","","","","","","","","","","","","","","","","","3000","","For Sale"
"407 SW A St","","","","","","Bentonville","0.00","","","Corey","","","","","","","","","","","","","","","","","","","","","","3000","","For Sale"
"3847 Bella Vista Way","","","","","","Bella Vista","0.00","31.00","","Corey","","","","","","","","","","","","","1","","","","","NNN","","","","1675","","For Sale"
"206 E Joyce Blvd","","","","","","Fayetteville","0.00","","","Cameron","","","","","","","","","","","","","","","","","","","","","","2972","","For Sale"
"123 N Block Ave","","","","","","Fayetteville","0.34","","","Corey","","","","","","","","","","","","","","","","","","","","","","2199","","For Sale"
"4305 S Thompson St","","","","","","Springdale","0.00","","","Cameron","","","","","","","","","","","","","","","","","","","","","","2940","","For Sale"
"506 509 515 Enterprise Dr","","","","","","Lowell","2.49","","","Clinton","","","","","","","","","","3","","","","","","","","","","","","108627","","For Sale"
"203 E Monroe Ave","","","","","","Lowell","0.00","","","Cameron","","","","","","","","","","","","","","","","","","","","","","2912","","For Sale"
"4600 & 4650 S Pinnacle Hills Parkway","","","","","","Rogers","12.26","","268144.68","Corey","2021","","","","","","","","","4","","","","","","","","NNN","","","","28075","","For Sale"
"103 Water Ave","","","","","","Elm Springs","0.00","","","Cameron","","","","","","","","","","","","","","","","","","","","","","1834","","For Sale"
"525 N 2nd St","","","","","","Rogers","0.00","","","Cameron","","","","","","","","","","","","","","","","","","","","","","0","","For Sale"
"1403 SE Moberly Ln","","","","","","Bentonville","0.00","","","Cameron","","","","","","","","","","","","","","","","","","","","","","2800","","For Sale"
"186 N Cato Springs Rd","","","","","","Fayetteville","0.00","","","Cameron","","","","","","","","","","","","","","","","","","","","","","1808","","For Sale"
"409 SE 6th St","","","","","","Bentonville","0.00","","","Cameron","","","","","","","","","","","","","","","","","","","","","","2685","","For Sale"
"161 W Main St","","","","","","Farmington","0.00","","","Cameron","","","","","","","","","","","","","","","","","","","","","","0","","For Sale"
"601 E Emma Ave","","","","","","Springdale","0.00","","","Cameron","","","","","","","","","","","","","","","","","","","","","","2685","","For Sale"
"1112 W Elm St","","","","","","Springdale","0.00","","","Cameron","","","","","","","","","","","","","","","","","","","","","","1113","","For Sale"
"307 W Hudson Rd","","","","","","Rogers","0.00","","","Cameron","","","","","","","","","","","","","","","","","","","","","","1800","","For Sale"
"1108 Backus Ave","","","","","","Springdale","0.00","","","Cameron","","","","","","","","","","","","","","","","","","","","","","2496","","For Sale"
"8054 W Wedington Dr","","","","","","Fayetteville","0.00","","","Cameron","","","","","","","","","","","","","","","","","","","","","","2120","","For Sale"
"700 W Centerton Blvd","","","","","","Centerton","0.00","","","Corey","","","","","","","","","","","","","","","","","","","","","","0","","For Sale"
"1501 W Walnut St","","","","","","Rogers","0.00","","","Clinton","","","","","","","","","","","","","","","","","","","","","","1104","","For Sale"
"1240 W Olive St","","","","","","Rogers","0.00","","","Cameron","","","","","","","","","","","","","","","","","","","","","","2120","","For Sale"
"702 N 2nd St","","","","","","Rogers","0.00","","","Cameron","","","","","","","","","","","","","","","","","","","","","","1361","","For Sale"
"103 N Thompson St","","","","","","Springdale","0.00","","","Cameron","","","","","","","","","","","","","","","","","","","","","","1800","","For Sale"
"597 S Horsebarn Rd","","","","","","Rogers","1.18","","","Corey","","","","","4500000.00","","","","","","","","","","","","","","","","","19692","","For Sale"
"218 S 1st St","","","","","","Rogers","0.00","","","Cameron","","","","","","","","","","","","","","","","","","","","","","0","","For Sale"
"388 S Nelson Hackett Blvd","","","","","","Fayetteville","0.00","","","Cameron","","","","","","","","","","","","","","","","","","","","","","0","","For Sale"
"4132 N College Ave","","","","","","Fayetteville","0.00","","","Cameron","","","","","","","","","","","","","","","","","","","","","","0","","For Sale"
"5303 Southern Hills Blvd","","","","","","Rogers","1.05","","","","","","","","","","","","","","","","","","","","","","","","","1","","For Sale"
"33 W Prospect Wilson Park Apartments","","","","","","Fayetteville","0.00","","","Cameron","","","","","","","","","","","","","","","","","","","","","","0","","For Sale"
"15 W Prospect Wilson Park Apartments","","","","","","Fayetteville","0.00","","","Clinton","","","","","","","","","","","","","","","","","","","","","","16850","","For Sale"
"25 W Prospect Wilson Park Apartments","","","","","","Fayetteville","0.00","","","Clinton","","","","","","","","","","","","4","","","","","","","","","","2442","","For Sale"
"19.97 AC Habberton Rd and Don Tyson","","","","","","Springdale","1.88","","","Corey","","","","","1700000.00","","","","","","","","","","","","","","","","","0","","For Sale"
"901 SE 28th St","","","","","","Bentonville","2.41","","","Corey","","","","","","","","","","","","","","","","","","","","","","21962","","For Sale"
"2109 E Central","","","","","","Bentonville","0.96","","","Clinton","","","","","","","","","","","","","","","","","","","","","","0","","For Sale"
"716 W Sycamore St","","","","","","Fayetteville","0.93","","","Cameron","","","","","1475000.00","","","","","","","","","","","","","","","","","0","","For Sale"
"SE C St","","","","","","Bentonville","7.33","","","Clinton; Corey","","","","","5131000.00","","","","","","","","","","","","","","","","","0","","For Sale"
"7800 N Dallas Parkway","","","","","","Plano","0.00","","","Clinton","","","","","","","","","","","","","","","","","","NNN","","","","3980","","For Sale"
"7700 Rogers Ave","","","","","","Fort Smith","0.28","","","Cameron","","","","","210000.00","","","","","","","","","","","","","","","","","0","","For Sale"
"900 S Shackleford Rd","","","","","","Little Rock","0.00","","","Clinton","","","","","","","","","","","","","","","","","","NNN","","","","2089","","For Sale"
"804 W Johnson Ave","","","","","","Springdale","45.11","","","Palmer","","","","","4285450.00","","","","","","","","","","","","","","","","","0","","For Sale"
"2001 W Pleasant Grove Rd","","","","","","Rogers","0.00","","","Cameron","","","","","","","","","","","","","","","","","","","","","","0","","For Sale"
"1834 Summerville Ave","","","","","","Charleston","0.00","","","Clinton","","","","","","","","","","","","","","","","","","","","","","0","","For Sale"
"1000 Clayton St","1","","","","","Springdale","0.00","","","Palmer","","","","","","","","","","1","","","","","","","","","","","","8000","","For Sale"
"1201 N 8th St","6","","","","","Rogers","15.28","","","Palmer","","","","","","","","","","1","","","","","","","","","","","","210915","","For Sale"
"123 W Kelley Dr","","","","","","Rogers","0.00","","","Palmer","","","","","","","","","","","","","","","","","","","","","","3000","","For Sale"
"125 W Kelley Dr","","","","","","Rogers","0.00","","","Palmer","","","","","","","","","","","","","","","","","","","","","","1800","","For Sale"
"Benton County PID 0200692001","","","","","","Gentry","6.09","","","Palmer","","","","","","","","","","","","","","","","","","","","","","0","","For Sale"
"505 McClure Rd","","","","","","Little Flock","45.60","","","Palmer","","","","","","","","","","","","","","","","","","","","","","0","","For Sale"
"683 Bain St","","","","","","Springdale","0.00","","","Palmer","","","","","","","","","","1","","","","","","","","","","","","10000","","For Sale"
"4344 SW I St","","","","","","Bentonville","0.00","","","Cameron","","","","","","","","","","","","","","","","","","","","","","0","","For Sale"
"Lot 2 Block 1 in Cadillac Lake","","","","","","Wichita","0.74","","","Clinton","","","","","","","","","","","","","","","","","","","","","","0","","For Sale"
"W Wedington Dr","","","","","","Fayetteville","1.76","","","Cameron","","","","","640000.00","","","","","","","","","","","","","","","","","0","","For Sale"
"703 W Dickson St","","","","","","Fayetteville","0.57","","","Corey","","","","","","","","","","","","","","","","","","","","","","3024","","For Sale"
"106 S Bloomington St","","","","","","Lowell","0.85","","","Corey","","","","","","","","","","","","","","","","","","","","","","0","","For Sale"
"221 Locust Ave S","","","","","","Fayetteville","0.49","","","Cameron","","","","","1009050.00","","","","","","","","","","","","","","","","","21344","","For Sale"
"303 E Millsap Rd","","","","","","Fayetteville","0.00","24.00","","Cameron","","","","","","","","","","","","","1","","","","","MG","","","","4500","","For Sale"
"3301 Central Ave","","","","","","Hot Springs","0.00","","","Cameron","","","","","700000.00","","","","","","","","","","","","","","","","","7200","","For Sale"
"2708 Pine St","","","","","","Arkadelphia","0.00","","","Cameron","","","","","1975000.00","","","","","","","","","","","","","","","","","8610","","For Sale"
"620 Union St","","","","","","Dardanelle","0.00","","","Cameron","","","","","375000.00","","","","","","","","","","","","","","","","","3100","","For Sale"
"1009 N Hervey St","","","","","","Hope","0.34","","","Cameron","","","","","750000.00","","","","","","","","","","","","","","","","","6012","","For Sale"
"32 to 72 W Joyce Blvd","","","147","","","Fayetteville","3.77","","","Clinton; Michael","2004","","","","","","","","","","","","","","","","","","","","","33882","","For Sale"
"405 SW Dr","","","","","","Jonesboro","0.00","","","Cameron","","","","","1000000.00","","","","","","","","","","","","","","","","","6470","","For Sale"
"2109 S Main","","","","","","Stuttgart","0.00","","","Cameron","","","","","1500000.00","","","","","","","","","","","","","","","","","26200","","For Sale"
"705 S Centennial Park Ln","","","","","","Fayetteville","0.00","","","Clinton","","","","","","","","","","","","","","","","","","","","","","0","","For Sale"
"48th St & Elm Springs Rd","","","","","","Springdale","1.58","","","Clinton","","","","","","","","","","","","","","","","","","","","","","0","","For Sale"
"N 54th St","","","","","","Springdale","9.81","","","Clinton","","","","","","","","","","","","","","","","","","","","","","0","","For Sale"
"Pleasant Grove Rd & Champion Dr","","","","","","Rogers","9.03","","","Clinton","","","","","3490000.00","","","","","","","","","","","","","","","","","0","","For Sale"
"E Huntsville Rd & Crossover Rd","","","","","","Fayetteville","2.53","","","Clinton","","","","","","","","","","","","","","","","","","","","","","0","","For Sale"
"114 E Crandall Ave","","","","","","Harrison","0.85","","","Cameron","","","","","","","","","","","","","","","","","","","","","","11997","","For Sale"
"7322 W Sunset Ave","","","","","","Springdale","0.00","","","Cameron","","","371.55","","4375000.00","","","","","","","","","","","","","","","","","11775","","For Sale"
"1772-1810 W Sunset Ave - Emily Plaza","","","","","","Springdale","0.00","","303467.00","Cameron","","","","","","","","","","6","","","","","","","","NNN","","","","28800","","For Sale"
"2201 S Thompson St","","","","","","Springdale","0.00","","","Cameron","","","33.77","","1800000.00","","","","","","","","","","","","","","","","","12062","","For Sale"
"1880 S Pleasant St","","","","","","Springdale","0.00","85.24","","Cameron","","","1175000.00","","","","","","","","","","","","","","","","","","","13784","","For Sale"
"1810 W Sunset Ave","","","","","","Springdale","0.00","","","Cameron","","","","","","","","","","","","","","","","","","","","","","7200","","For Sale"
"1039 S Gutensohn Rd","","","","","","Springdale","0.00","","","Cameron","","","65.53","","850000.00","","","","","","","","","","","","","","","","","12971","","For Sale"
"5204 S Thompson St","","","","","","Springdale","0.00","","","Cameron","","","106.96","","891000.00","","","","","","","","","","","","","","","","","8330","","For Sale"
"501 Holcomb St","","","","","","Springdale","0.00","","","Cameron","","","8.26","","230000.00","","","","","","","","","","","","","","","","","18248","","For Sale"
"513 Holcomb St","","","","","","Springdale","0.00","8.26","","Cameron","","","230000.00","","","","","","","","","","","","","","","","","","","9600","","For Sale"
"1300 N Thompson St","","","","","","Springdale","7.60","","","Tyler","","","37.05","","2650000.00","","","","","","","","","","","","","","","","","71526","","For Sale"
"1486 W Sunset Ave","","","","","","Springdale","0.00","","","Clinton","","","","","","","","","","","","","","","","","","","","","","15516","","For Sale"
"806 W Sunset Ave","","","","","","Springdale","0.00","","","Cameron","","","","","","","","","","","","","","","","","","","","","","38030","","For Sale"
"1724 W Broadway Place","","","","","","Rogers","0.00","","","Cameron","","","","","","","","","","","","","","","","","","","","","","0","","For Sale"
"2853 N College Ave","","","","","","Fayetteville","0.00","","","Cameron","","","","","","","","","","","","","","","","","","","","","","38904","","For Sale"
"240 E Joyce Blvd","","","","","","Fayetteville","0.64","","","Tyler","2012","","188.22","","1643000.00","","","","","1","","","","","","","","","","","","7500","","For Sale"
"2552 W Martin Luther King Jr Blvd","","","","","","Fayetteville","0.00","","","Cameron","","","1.56","","","","","","","","","","","","","","","","","","","44641","","For Sale"
"3761 N Mall Ave","","","","","","Fayetteville","0.00","","","Clinton","","","","","","","","","","","","","","","","","","","","","","21700","","For Sale"
"1680 N College Ave","","","","","","Fayetteville","0.00","","","Tyler","","","","","","","","","","","","","","","","","","","","","","11324","","For Sale"
"2143 W Martin Luther King Jr Blvd","","","","","","Fayetteville","0.00","","","Cameron","","","","","","","","","","","","","","","","","","","","","","17175","","For Sale"
"1202 N College Ave","","","","","","Fayetteville","0.00","","","Cameron","","","","","","","","","","","","","","","","","","","","","","14257","","For Sale"
"955 N Shiloh Dr","","","","","","Fayetteville","0.00","","","Cameron","","","","","","","","","","","","","","","","","","","","","","16296","","For Sale"
"2123 W Martin Luther King Jr Blvd","","","","","","Fayetteville","0.00","","","Cameron","","","1.43","","","","","","","","","","","","","","","","","","","23668","","For Sale"
"3322 N College Ave","","","","","","Fayetteville","0.00","","","Cameron","","","21.83","","1360000.00","","","","","","","","","","","","","","","","","62293","","For Sale"
"413 N College Ave","","","","","","Fayetteville","0.00","","","Cameron","","","","","","","","","","","","","","","","","","","","","","4191","","For Sale"
"1404 N College Ave","","","","","","Fayetteville","0.00","","","Clinton","","","68.24","","7200000.00","","","","","","","","","","","","","","","","","35630","","For Sale"
"2217 N College Ave","","","","","","Fayetteville","0.00","","","Cameron","","","92.19","","3425000.00","","","","","","","","","","","","","","","","","37150","","For Sale"
"142 Robert Smalls Pkwy","","","","","","Beaufort","0.00","","","Clinton","","","","","","","","","","","","","","","","","","","","","","0","","For Sale"
"1909 E Central Ave","","","","","","Bentonville","0.00","","","Corey","","","543.87","","3750000.00","","","","","","","","","","","","","","","","","6895","","For Sale"
"2000 S 42nd St","","","","","","Rogers","0.00","","","Corey","","","","","","","","","","","","","","","","","","","","","","16054","","For Sale"
"5433 W Walsh","","","","","","Rogers","0.00","","","Corey","","","","","","","","","","","","","","","","","","","","","","7172","","For Sale"
"3000 Medical Center","","","","","","Bentonville","0.00","","","Corey","","","","","","","","","","","","","","","","","","","","","","220172","","For Sale"
"1200 SE 28th St","","","","","","Bentonville","0.00","","","Corey","","","31.57","","371000.00","","","","","","","","","","","","","","","","","11752","","For Sale"
"2701 SE J","","","","","","Bentonville","0.00","","","Corey","","","167.42","","4100000.00","","","","","","","","","","","","","","","","","24489","","For Sale"
"1204 SE 28th","","","","","","Bentonville","0.00","","","Corey","","","263.80","","1300000.00","","","","","","","","","","","","","","","","","4928","","For Sale"
"5501 W Pinnacle Point","","","","","","Rogers","0.00","","","Corey","","","132.82","","1231000.00","","","","","","","","","","","","","","","","","9269","","For Sale"
"N 36th St & N 37th St","","","","","","Rogers","0.00","","","Corey","","","","","149000.00","","","","","","","","","","","","","","","","","0","","For Sale"
"2616 S Walton Blvd","","","","","","Bentonville","0.00","","","Corey","","","136.21","","3950000.00","","","","","","","","","","","","","","","","","29000","","For Sale"
"801 SW Regional Airport Blvd","","","","","","Bentonville","0.00","","","Corey","","","","","","","","","","","","","","","","","","","","","","10855","","For Sale"
"1500 SE 28th St","","","","","","Bentonville","0.00","","","Corey","","","189.38","","5800000.00","","","","","","","","","","","","","","","","","30626","","For Sale"
"2902 Mid Cities Dr","","","","","","Bentonville","0.00","","","Corey","","","632.96","","7750000.00","","","","","","","","","","","","","","","","","12244","","For Sale"
"5501 Willow Creek Dr","","","","","","Springdale","0.00","","","Corey","","","324.60","","12386690.00","","","","","","","","","","","","","","","","","38160","","For Sale"
"2601 Gene George Blvd","","","","","","Springdale","0.00","","","Corey","","","355.29","","83000000.00","","","","","","","","","","","","","","","","","233613","","For Sale"
"3702 SW H St","","","","","","Bentonville","0.00","","","Corey","","","","","","","","","","","","","","","","","","","","","","9500","","For Sale"
"3701 SW H St","","","","","","Bentonville","1.70","","","Corey; Michael","","","","","","","","","","1","","","","","","","","","","","","14038","","For Sale"
"2508 SE 20th St","","","","","","Bentonville","0.00","","","Corey","","","","","","","","","","","","","","","","","","","","","","10856","","For Sale"
"3901 Parkway Cir","","","","","","Springdale","0.00","","","Corey","","","227.27","","30000000.00","","","","","","","","","","","","","","","","","132000","","For Sale"
"5288 W Don Tyson Pkwy","","","","","","Springdale","0.00","","","Corey","","","194.41","","15237000.00","","","","","","","","","","","","","","","","","78374","","For Sale"
"613 N 2nd St","","","","","","Rogers","0.00","","","Corey","","","","","","","","","","","","","","","","","","","","","","7346","","For Sale"
"808 S 52nd St","","","","","","Rogers","0.00","","","Corey","","","","","","","","","","","","","","","","","","","","","","56482","","For Sale"
"1225 E Centerton Blvd","","","","","","Centerton","0.00","","","Corey","","","","","","","","","","","","","","","","","","","","","","7346","","For Sale"
"200 Carr St","","","","","","Pea Ridge","0.00","","","Corey","","","","","","","","","","","","","","","","","","","","","","7114","","For Sale"
"1 Mercy Way","","","","","","Bella Vista","0.00","","","Corey","","","","","","","","","","","","","","","","","","","","","","33250","","For Sale"
"2012 S 13th","","","","","","Rogers","0.00","","","Corey","","","","","","","","","","","","","","","","","","","","","","30000","","For Sale"
"301 S 24th St","","","","","","Rogers","0.00","","","Corey","","","","","","","","","","","","","","","","","","","","","","32036","","For Sale"
"1202 SE 30th St","","","","","","Bentonville","0.00","","","Corey","","","180.37","","7046000.00","","","","","","","","","","","","","","","","","39065","","For Sale"
"2710 S Rife","","","","","","Rogers","0.00","","","Corey","","","","","","","","","","","","","","","","","","","","","","540000","","For Sale"
"4600 Mercy Ln","","","","","","Springdale","0.00","","","Corey","","","746.03","","47000000.00","","","","","","","","","","","","","","","","","63000","","For Sale"
"27 E Appleby Rd","","","","","","Fayetteville","0.00","","","Corey","","","91.55","","3700000.00","","","","","","","","","","","","","","","","","40417","","For Sale"
"1101 S Horsebarn Rd","","","","","","Rogers","0.00","","","Corey","","","242.44","","3200000.00","","","","","","","","","","","","","","","","","13199","","For Sale"
"3101 SE 14th St","","","","","","Bentonville","0.00","","","Corey","","","","","","","","","","","","","","","","","","","","","","74123","","For Sale"
"1000 S Waldron Rd","","","","","","Forth Smith","0.00","","","Corey","","","","","","","","","","","","","","","","","","","","","","13588","","For Sale"
"4344 SW I St","","","","","","Bentonville","0.00","","","Corey","","","","","","","","","","","","","","","","","","","","","","13800","","For Sale"
"1200 SE Eagle Way","","","","","","Bentonville","0.00","","","Corey","","","176.84","","3170000.00","","","","","","","","","","","","","","","","","17926","","For Sale"
"4253 N Crossover Blvd","","","","","","Fayetteville","0.00","","","Corey","","","578.53","","","","","","","","","","","","","","","","","","","106399","","For Sale"
"3420 S 74th St","","","","","","Forth smith","0.00","","","Corey","","","197.12","","615000.00","","","","","","","","","","","","","","","","","3120","","For Sale"
"1303 NE Legacy Pkwy","","","","","","Bentonville","0.00","","","Corey","","","","","","","","","","","","","","","","","","","","","","34437","","For Sale"
"2901 S 74th St","","","","","","Forth smith","0.00","","","Corey","","","227.27","","3350000.00","","","","","","","","","","","","","","","","","14740","","For Sale"
"1513 S Dixieland Rd","","","","","","Rogers","0.00","","","Corey","","","92.86","","3061000.00","","","","","","","","","","","","","","","","","32962","","For Sale"
"1393 E Don Tyson Pkwy","","","","","","Springdale","0.00","","","Corey","","","185.24","","7149000.00","","","","","","","","","","","","","","","","","38594","","For Sale"
"2000 S Hampton Pl","","","","","","Rogers","0.00","","","Corey","","","","","","","","","","","","","","","","","","","","","","34996","","For Sale"
"811 W Elgin St","","","","","","siloam springs","0.00","","","Corey","","","56.15","","2700000.00","","","","","","","","","","","","","","","","","48087","","For Sale"
"5303 S Southern Hills Ct","","","","","","Rogers","0.00","","","Corey","","","388.12","","4000000.00","","","","","","","","","","","","","","","","","10306","","For Sale"
"901 NE Greenwood Way","","","","","","Bentonville","0.00","","","Corey","","","","","","","","","","","","","","","","","","","","","","30000","","For Sale"
"3 Highlands Crossing Dr","","","","","","bella vista","0.00","","","Corey","","","","","","","","","","","","","","","","","","","","","","22979","","For Sale"
"670 Rogers Rd","","","","","","bella vista","0.00","","","Corey","","","172.45","","6655738.00","","","","","","","","","","","","","","","","","38595","","For Sale"
"1304 Johnson Rd","","","","","","Springdale","0.00","","","Corey","","","","","","","","","","","","","","","","","","","","","","10629","","For Sale"
"325 E Longview St","","","","","","Bentonville","0.00","","","Corey","","","","","","","","","","","","","","","","","","","","","","37312","","For Sale"
"1695 E Rainforest Dr","","","","","","Fayetteville","0.00","","","Clinton","","","","","","","","","","","","","","","","","","","","","","28133","","For Sale"
"488 E Longview St","","","","","","Fayetteville","0.00","","","Corey","","","200.00","","3000000.00","","","","","","","","","","","","","","","","","15000","","For Sale"
"1102 NW Lowes Ave","","","","","","Bentonville","0.00","","","Corey","","","","","","","","","","","","","","","","","","","","","","14258","","For Sale"
"199 E Main St","","","","","","Farmington","0.00","","","Corey","","","","","","","","","","","","","","","","","","","","","","6172","","For Sale"
"2900 SE Moberly","","","","","","Bentonville","0.00","","","Corey","","","80.08","","901515.00","","","","","","","","","","","","","","","","","11257","","For Sale"
"60 Monte Painter Dr","","","","","","Fayetteville","0.00","","","Corey","","","","","","","","","","","","","","","","","","","","","","8834","","For Sale"
"1149 W New Hope Rd","","","","","","Rogers","0.00","","","Corey","","","","","","","","","","","","","","","","","","","","","","45450","","For Sale"
"3264 N Northills Blvd","","","","","","Fayetteville","0.00","","","Corey","","","","","","","","","","","","","","","","","","","","","","4171","","For Sale"
"3100 Old Missouri Rd.","","","","","","Fayetteville","0.00","","","Corey","","","","","","","","","","","","","","","","","","","","","","39981","","For Sale"
"4313 S Pleasant Crossing","","","","","","Rogers","0.00","","","Corey","","","477.47","","19000000.00","","","","","","","","","","","","","","","","","39793","","For Sale"
"5125 W Pleasant Grove","","","","","","Rogers","0.00","","","Corey","","","285.23","","8150000.00","","","","","","","","","","","","","","","","","28573","","For Sale"
"7 Professional Dr","","","","","","bella vista","0.00","","","Corey","","","","","","","","","","","","","","","","","","","","","","30544","","For Sale"
"603 N Progress Ave","","","","","","Siloam Springs","0.00","","","Corey","","","","","","","","","","","","","","","","","","","","","","18257","","For Sale"
"3300 W Sunset Ave","","","","","","Springdale","0.00","","","Corey","","","267.88","","1071500.00","","","","","","","","","","","","","","","","","4000","","For Sale"
"2805 E Zion Rd","","","","","","Fayetteville, AR","0.00","","","Corey","","","","","","","","","","","","","","","","","","","","","","32370","","For Sale"
"802 SW End St","","","","","","Springdale","0.00","","","Corey","","","","","","","","","","","","","","","","","","","","","","28250","","For Sale"
"190 Wade Ln","","","","","","Pea Ridge","0.00","","","Corey","","","107.26","","2240000.00","","","","","","","","","","","","","","","","","20883","","For Sale"
"1955 W Truckers Dr","","","","","","Fayetteville","0.00","","","Corey","","","44.55","","1826000.00","","","","","","","","","","","","","","","","","40988","","For Sale"
"1967 W Truckers Dr","","","","","","Fayetteville","0.00","","","Corey","","","92.37","","3712500.00","","","","","","","","","","","","","","","","","40191","","For Sale"
"1401 N Walton Blvd","","","","","","Bentonville","0.00","","","Corey","","","","","","","","","","","","","","","","","","","","","","7400","","For Sale"
"2003-2005 SE Walton Blvd","","","","","","Bentonville","0.00","","","Corey; Michael","","","130.67","","2400000.00","","","","","","","","","","","","","","","","","18367","","For Sale"
"1651 E Stearns St","","","","","","Fayetteville","0.00","","","Corey","","","","","562082.00","","","","","","","","","","","","","","","","","15275","","For Sale"
"1255 S Shiloh Dr","","","","","","Fayetteville","0.00","","","Corey","","","","","","","","","","","","","","","","","","","","","","10268","","For Sale"
"3561 Johnson Mill Blvd","","","","","","Fayetteville","0.00","","","Corey","","","","","","","","","","","","","","","","","","","","","","16300","","For Sale"
"3730 S Pinnacle Hills Pkwy","","","","","","Rogers","0.00","","","Corey","","","","","","","","","","","","","","","","","","","","","","14482","","For Sale"
"1673 N College Ave","","","","","","Fayetteville","0.00","","","Corey","","","","","","","","","","","","","","","","","","","","","","3316","","For Sale"
"7853 Har Ber Ave","","","","","","Springdale","0.00","","","Corey","","","27.40","","175000.00","","","","","","","","","","","","","","","","","6387","","For Sale"
"3689 N Steele Blvd","","","","","","Fayetteville","0.00","","","Corey","","","","","","","","","","","","","","","","","","","","","","6242","","For Sale"
"3399 Black Forest Dr","","","","","","Fayetteville","0.00","","","Corey","","","325.39","","4450000.00","","","","","","","","","","","","","","","","","13676","","For Sale"
"1438 E Augustine Ln","","","","","","Fayetteville","0.00","","","Corey","","","337.08","","3000000.00","","","","","","","","","","","","","","","","","8900","","For Sale"
"5 E Appleby Rd","","","","","","Fayetteville","0.00","","","Corey","","","649.64","","4300000.00","","","","","","","","","","","","","","","","","6619","","For Sale"
"4224 W Sunset Ave","","","","","","Springdale","0.00","","","Corey","","","529.10","","3200000.00","","","","","","","","","","","","","","","","","6048","","For Sale"
"201 W Van Asche Loop","","","","","","Fayetteville","0.00","","","Corey","","","","","","","","","","","","","","","","","","","","","","9171","","For Sale"
"4077 Elm Springs Rd","","","","","","Springdale","0.00","","","Corey","","","365.81","","11395000.00","","","","","","","","","","","","","","","","","31150","","For Sale"
"3500 Black Forest Dr","","","","","","Fayetteville","0.00","","","Corey","","","479.55","","3025000.00","","","","","","","","","","","","","","","","","6308","","For Sale"
"361 E Millsap Rd","","","","","","Fayetteville","0.00","","","Corey","","","114.66","","1300000.00","","","","","","","","","","","","","","","","","11338","","For Sale"
"513 N Shiloh St","","","","","","Springdale","0.00","","","Corey","","","20.91","","150000.00","","","","","","","","","","","","","","","","","7172","","For Sale"
"2158 Butterfield Coach Rd","","","","","","Springdale","0.00","","","Corey","","","","","","","","","","","","","","","","","","","","","","15700","","For Sale"
"163 W Van Asche Loop","","","","","","Fayetteville","0.00","","","Corey","","","84.86","","506000.00","","","","","","","","","","","","","","","","","5984","","For Sale"
"1603 SW Regional Airport Blvd","","","","","","Bentonville","0.00","","","Corey","","","","","","","","","","","","","","","","","","","","","","4902","","For Sale"
"1001 S Horsebarn Rd","","","","","","Rogers","0.00","","","Corey","","","53.13","","496000.00","","","","","","","","","","","","","","","","","9336","","For Sale"
"1585 E Rainforest Rd","","","","","","Fayetteville","0.00","","","Corey","","","","","","","","","","","","","","","","","","","","","","4118","","For Sale"
"3057 Springdale Ave","","","","","","Springdale","0.00","","","Corey","","","328.08","","3350000.00","","","","","","","","","","","","","","","","","10211","","For Sale"
"101 N 37th St","","","","","","Rogers","0.00","","","Corey","","","","","","","","","","","","","","","","","","","","","","7010","","For Sale"
"1601 Greenhouse Rd","","","","","","Bentonville","0.00","","","Corey","","","","","","","","","","","","","","","","","","","","","","4800","","For Sale"
"245 W Van Asche Loop","","","","","","Fayetteville","0.00","","","Corey","","","","","","","","","","","","","","","","","","","","","","3852","","For Sale"
"5230 Willow Creek Dr","","","","","","Springdale","0.00","","","Corey","","","197.63","","2600000.00","","","","","","","","","","","","","","","","","13156","","For Sale"
"1607 E Rainforest Rd","","","","","","Fayetteville","0.00","","","Corey","","","40.20","","589000.00","","","","","","","","","","","","","","","","","14652","","For Sale"
"1444 E Stearns St","","","","","","Fayetteville","0.00","","","Corey","","","43.66","","935000.00","","","","","","","","","","","","","","","","","21416","","For Sale"
"3383 N Mana Ct","","","","","","Fayetteville","0.00","","","Corey","","","","","","","","","","","","","","","","","","","","","","6952","","For Sale"
"3903 W Financial Pkwy","","","","","","Rogers","0.00","","","Corey","","","568.34","","2025000.00","","","","","","","","","","","","","","","","","3563","","For Sale"
"7233 Brooklyn Ave","","","","","","Springdale","0.00","","","Corey","","","","","","","","","","","","","","","","","","","","","","4028","","For Sale"
"903 SE 22Nd St","","","","","","Bentonville","0.00","","","Corey","","","","","","","","","","","","","","","","","","","","","","2520","","For Sale"
"3017 N Bob Younkin Dr","","","","","","Fayetteville","0.00","","","Corey","","","67.01","","1277000.00","","","","","","","","","","","","","","","","","19058","","For Sale"
"1008 1st Ave SE","","","","","","Gravette","0.00","","","Corey","","","","","","","","","","","","","","","","","","","","","","3234","","For Sale"
"1944 E Joyce Blvd","","","","","","Fayetteville","0.00","","","Corey","","","","","","","","","","","","","","","","","","","","","","26432","","For Sale"
"604 S 52Nd St","","","","","","rogers","0.00","","","Corey","","","8.25","","38349.00","","","","","","","","","","","","","","","","","4648","","For Sale"
"813 Founders Park Dr E","","","","","","Springdale","0.00","","","Corey","","","","","","","","","","","","","","","","","","","","","","40318","","For Sale"
"700 S 52Nd St","","","","","","Rogers","0.00","","","Corey","","","","","","","","","","","","","","","","","","","","","","4146","","For Sale"
"802 N Dixieland Rd","","","","","","Rogers","0.00","","","Corey","","","","","","","","","","","","","","","","","","","","","","2854","","For Sale"
"1003 S Horsebarn Rd","","","","","","Rogers","0.00","","","Corey","","","88.09","","624000.00","","","","","","","","","","","","","","","","","7084","","For Sale"
"2538 E Joyce Blvd","","","","","","Fayetteville","0.00","","","Corey","","","15.09","","630000.00","","","","","","","","","","","","","","","","","38821","","For Sale"
"701 S Horsebarn Rd","","","","","","Rogers","0.00","","","Corey","","","","","","","","","","","","","","","","","","","","","","10568","","For Sale"
"331 Commercial St","","","","","","Centerton","0.00","","","Corey","","","23.15","","60000.00","","","","","","","","","","","","","","","","","2592","","For Sale"
"4003 W Financial Pkwy","","","","","","Rogers","0.00","","","Corey","","","247.25","","1372500.00","","","","","","","","","","","","","","","","","5551","","For Sale"
"519 Latham Dr","","","","","","Lowell","0.00","","","Corey","","","131.25","","5250000.00","","","","","","","","","","","","","","","","","40000","","For Sale"
"1104 SE 30th St","","","","","","Bentonville","0.00","","","Corey","","","364.15","","3166273.00","","","","","","","","","","","","","","","","","8695","","For Sale"
"809 SE 28Th St","","","","","","Bentonville","0.00","","","Corey","","","3.38","","35000.00","","","","","","","","","","","","","","","","","10360","","For Sale"
"599 S 52Nd St","","","","","","Rogers","0.00","","","Corey","","","5.22","","135014.00","","","","","","","","","","","","","","","","","25852","","For Sale"
"591 S Horsebarn Rd","","","","","","Rogers","0.00","","","Corey","","","","","","","","","","","","","","","","","","","","","","9874","","For Sale"
"1109 S West End St","","","","","","Springdale","0.00","","","Corey","","","27.31","","174000.00","","","","","","","","","","","","","","","","","6372","","For Sale"
"5518 W Walsh Ln","","","","","","Rogers","0.00","","","Corey","","","","","","","","","","","","","","","","","","","","","","5487","","For Sale"
"3318 N North hills Blvd","","","","","","Fayetteville","0.00","","","Corey","","","243.15","","2900000.00","","","","","","","","","","","","","","","","","11927","","For Sale"
"1000 SE 13th Ct","","","","","","Bentonville","0.00","","","Corey","","","2.85","","29975.00","","","","","","","","","","","","","","","","","10506","","For Sale"
"101 Dawn Dr","","","","","","Centerton","0.00","","","Corey","","","","","","","","","","","","","","","","","","","","","","3370","","For Sale"
"4102 N Mall Ave","","","","","","Fayetteville","0.00","","","Corey","","","","","","","","","","","","","","","","","","","","","","10982","","For Sale"
"161 N Maestri Rd","","","","","","Tontitown","0.00","","","Corey","","","20.71","","130000.00","","","","","","","","","","","","","","","","","6276","","For Sale"
"901 SE 22Nd St","","","","","","Bentonville","0.00","","","Corey","","","14.37","","71000.00","","","","","","","","","","","","","","","","","4942","","For Sale"
"200 N 24Th St","","","","","","Rogers","0.00","","","Corey","","","113.86","","400000.00","","","","","","","","","","","","","","","","","3513","","For Sale"
"5201 Willow Creek Dr","","","","","","Springdale","0.00","","","Corey","","","13.27","","127822.00","","","","","","","","","","","","","","","","","9634","","For Sale"
"741 E Van Asche Dr","","","","","","Fayetteville","0.00","","","Corey","","","123.05","","1075000.00","","","","","","","","","","","","","","","","","8736","","For Sale"
"158 E Sunbridge Dr","","","","","","Fayetteville","0.00","","","Corey","","","124.34","","1450000.00","","","","","","","","","","","","","","","","","11662","","For Sale"
"615 E Appleby Rd","","","","","","Fayetteville","0.00","","","Corey","","","","","","","","","","","","","","","","","","","","","","3833","","For Sale"
"5330 Willow Creek Dr","","","","","","Springdale","0.00","","","Corey","","","249.37","","2919724.00","","","","","","","","","","","","","","","","","12147","","For Sale"
"174 E Sunbridge Dr","","","","","","Fayetteville","0.00","","","Corey","","","","","","","","","","","","","","","","","","","","","","11298","","For Sale"
"2801 Main Dr","","","","","","Fayetteville","0.00","","","Corey","","","","","","","","","","","","","","","","","","","","","","2616","","For Sale"
"2070 Mckenzie Rd","","","","","","Springdale","0.00","","","Corey","","","","","","","","","","","","","","","","","","","","","","16191","","For Sale"
"2690 Bella Vista Way","","","","","","bella vista","0.00","","","Corey","","","","","","","","","","","","","","","","","","","","","","3304","","For Sale"
"116 W Monroe Ave","","","","","","Lowell","0.00","","","Corey","","","215.27","","750000.00","","","","","","","","","","","","","","","","","3484","","For Sale"
"378 E Longview St","","","","","","Fayetteville","0.00","","","Corey","","","375.77","","8125000.00","","","","","","","","","","","","","","","","","21622","","For Sale"
"2744 E Millennium Dr","","","","","","Fayetteville","0.00","","","Corey","","","","","","","","","","","","","","","","","","","","","","3136","","For Sale"
"301 SW 16Th St","","","","","","Bentonville","0.00","","","Corey","","","115.70","","420000.00","","","","","","","","","","","","","","","","","3630","","For Sale"
"1000 SW End St","","","","","","Springdale","0.00","","","Corey","","","","","","","","","","","","","","","","","","","","","","3508","","For Sale"
"805 N 20Th Pl","","","","","","Rogers","0.00","","","Corey","","","143.50","","607000.00","","","","","","","","","","","","","","","","","4230","","For Sale"
"5401 Willow Creek Dr","","","","","","Springdale","0.00","","","Corey","","","176.18","","1250000.00","","","","","","","","","","","","","","","","","7095","","For Sale"
"418 W Maple Ave","","","","","","Springdale","0.00","","","Corey","","","","","","","","","","","","","","","","","","","","","","2780","","For Sale"
"2827 E Millennium Dr","","","","","","Fayetteville","0.00","","","Corey","","","","","","","","","","","","","","","","","","","","","","3300","","For Sale"
"3875 W Sunset Ave","","","","","","Springdale","0.00","","","Corey","","","20.68","","300000.00","","","","","","","","","","","","","","","","","8474","","For Sale"
"806 N 20Th Pl","","","","","","Rogers","0.00","","","Corey","","","80.29","","365000.00","","","","","","","","","","","","","","","","","4546","","For Sale"
"1670 W Sunset Ave","","","","","","Springdale","0.00","","","Corey","","","","","","","","","","","","","","","","","","","","","","8301","","For Sale"
"101 Sun Meadow Dr","","","","","","Centerton","0.00","","","Corey","","","82.71","","386000.00","","","","","","","","","","","","","","","","","4667","","For Sale"
"2793 E Millennium Dr","","","","","","Fayetteville","0.00","","","Corey","","","","","","","","","","","","","","","","","","","","","","3300","","For Sale"
"3109 N Walton Blvd","","","","","","Bentonville","0.00","","","Corey","","","","","","","","","","","","","","","","","","","","","","4207","","For Sale"
"2060 Orchard St","","","","","","Springdale","0.00","","","Corey","","","","","","","","","","","","","","","","","","","","","","3223","","For Sale"
"300 S 20Th St","","","","","","Rogers","0.00","","","Corey","","","144.29","","375000.00","","","","","","","","","","","","","","","","","2599","","For Sale"
"2828 E Millennium Dr","","","","","","Fayetteville","0.00","","","Corey","","","119.51","","343000.00","","","","","","","","","","","","","","","","","1645","","For Sale"
"4301 Johnson Rd","","","","","","Springdale","0.00","","","Corey","","","94.43","","10100000.00","","","","","","","","","","","","","","","","","106961","","For Sale"
"3232 N Northhills Blvd","","","","","","Fayetteville","0.00","","","Corey","","","3.94","","142000.00","","","","","","","","","","","","","","","","","36010","","For Sale"
"152 E Appleby Rd","","","","","","Fayetteville","0.00","","","Corey","","","150.51","","475000.00","","","","","","","","","","","","","","","","","3156","","For Sale"
"3380 N Futrall Dr","","","","","","Fayetteville","0.00","","","Corey","","","3.86","","76000.00","","","","","","","","","","","","","","","","","19714","","For Sale"
"2692 Bella Vista Way","","","","","","bella vista","0.00","","","Corey","","","30.35","","95000.00","","","","","","","","","","","","","","","","","3130","","For Sale"
"1308 S Pleasant St","","","","","","Springdale","0.00","","","Corey","","","","","","","","","","","","","","","","","","","","","","2268","","For Sale"
"201 N 34Th St","","","","","","Rogers","0.00","","","Corey","","","","","","","","","","","","","","","","","","","","","","4620","","For Sale"
"1607 S Old Missouri Rd","","","","","","Springdale","0.00","","","Corey","","","99.61","","465000.00","","","","","","","","","","","","","","","","","4668","","For Sale"
"55 W Sunbridge Dr","","","","","","Fayetteville","0.00","","","Corey","","","","","","","","","","","","","","","","","","","","","","12816","","For Sale"
"350 E Millsap Rd","","","","","","Fayetteville","0.00","","","Corey","","","126.63","","1300000.00","","","","","","","","","","","","","","","","","10266","","For Sale"
"775 E Douglas St","","","","","","Prairie Grove","0.00","","","Corey","","","72.93","","368000.00","","","","","","","","","","","","","","","","","5046","","For Sale"
"601 W Maple Ave","","","","","","Springdale","0.00","","","Corey","","","","","","","","","","","","","","","","","","","","","","153718","","For Sale"
"2680 E Joyce Blvd","","","","","","Fayetteville","0.00","","","Corey","","","43.77","","215000.00","","","","","","","","","","","","","","","","","4912","","For Sale"
"2890 W Huntsville Ave","","","","","","Springdale","0.00","","","Corey","","","","","","","","","","","","","","","","","","","","","","4583","","For Sale"
"2925 W Walnut St","","","","","","Rogers","0.00","","","Corey","","","7.98","","31900.00","","","","","","","","","","","","","","","","","40000","","For Sale"
"1412 SE 14Th St","","","","","","Bentonville","0.00","","","Corey","","","3.74","","11600.00","","","","","","","","","","","","","","","","","3104","","For Sale"
"624 E Henri De Tonti Blvd","","","","","","Tontitown","0.00","","","Corey","","","","","","","","","","","","","","","","","","","","","","1770","","For Sale"
"237 E Millsap Rd","","","","","","Fayetteville","0.00","","","Corey","","","190.11","","2549000.00","","","","","","","","","","","","","","","","","13408","","For Sale"
"594 E Millsap Rd","","","","","","Fayetteville","0.00","","","Corey","","","200.61","","2750000.00","","","","","","","","","","","","","","","","","13708","","For Sale"
"3000 NW A St","","","","","","Bentonville","0.00","","","Corey","","","","","","","","","","","","","","","","","","","","","","10545","","For Sale"
"3336 N Futrall Dr","","","","","","Fayetteville","0.00","","","Corey","","","187.55","","2000000.00","","","","","","","","","","","","","","","","","10664","","For Sale"
"3271 N Wimberly Dr","","","","","","Fayetteville","0.00","","","Corey","","","15.32","","303500.00","","","","","","","","","","","","","","","","","19805","","For Sale"
"3103 N Walton Blvd","","","","","","Bentonville","0.00","","","Corey","","","","","","","","","","","","","","","","","","","","","","3120","","For Sale"
"3302 N Northhills Blvd","","","","","","Fayetteville","0.00","","","Corey","","","196.03","","730000.00","","","","","","","","","","","","","","","","","3724","","For Sale"
"2386 N Green Acres Rd","","","","","","Fayetteville","0.00","","","Corey","","","173.25","","1400000.00","","","","","","","","","","","","","","","","","8081","","For Sale"
"3276 N Northhills Blvd","","","","","","Fayetteville","0.00","","","Corey","","","","","","","","","","","","","","","","","","","","","","6690","","For Sale"
"3352 N Futrall Dr","","","","","","Fayetteville","0.00","","","Corey","","","224.19","","2000000.00","","","","","","","","","","","","","","","","","8921","","For Sale"
"1510 SE 14th St","","","","","","Bentonville","0.00","","","Corey","","","","","","","","","","","","","","","","","","","","","","2786","","For Sale"
"3344 N Futrall Dr","","","","","","Fayetteville","0.00","","","Corey","","","","","","","","","","","","","","","","","","","","","","40168","","For Sale"
"126 N Mock St","","","","","","Prairie Grove","0.00","","","Corey","","","8.58","","25000.00","","","","","","","","","","","","","","","","","2915","","For Sale"
"3317 N Wimberly Dr","","","","","","Fayetteville","0.00","","","Corey","","","","","","","","","","","","","","","","","","","","","","21976","","For Sale"
"2702 American St","","","","","","Springdale","0.00","","","Corey","","","","","","","","","","","","","","","","","","","","","","2360","","For Sale"
"1306 S Pleasant St","","","","","","Springdale","0.00","","","Corey","","","114.54","","480150.00","","","","","","","","","","","","","","","","","4192","","For Sale"
"307 S Thompson St","","","","","","Springdale","0.00","","","Corey","","","108.61","","950000.00","","","","","","","","","","","","","","","","","8747","","For Sale"
"2707 W Huntsville Ave","","","","","","Springdale","0.00","","","Corey","","","111.54","","400000.00","","","","","","","","","","","","","","","","","3586","","For Sale"
"1600 W Sunset Ave","","","","","","Springdale","0.00","","","Corey","","","","","","","","","","","","","","","","","","","","","","9412","","For Sale"
"1792 E Joyce Blvd","","","","","","Fayetteville","0.00","","","Corey","","","253.21","","395000.00","","","","","","","","","","","","","","","","","1560","","For Sale"
"1706 E Joyce Blvd","","","","","","Fayetteville","0.00","","","Corey","","","","","","","","","","","","","","","","","","","","","","3120","","For Sale"
"3737 W Walnut St","","","","","","Rogers","4.12","","","Cameron","1989","","264.01","","5200000.00","","","","","","","","","","","","","","","","","19696","","For Sale"
"1794 E Joyce Blvd","","","","","","Fayetteville","0.00","","","Corey","","","","","","","","","","","","","","","","","","","","","","3120","","For Sale"
"3617 W Sunset Ave","","","","","","Springdale","0.00","","","Corey","","","636.00","","2135000.00","","","","","","","","","","","","","","","","","4912","","For Sale"
"500 Deaver St","","","","","","Springdale","0.00","","","Corey","","","","","","","","","","","","","","","","","","","","","","9021","","For Sale"
"2001 N Green Acres Rd","","","","","","Fayetteville","0.00","","","Corey","","","22.75","","780000.00","","","","","","","","","","","","","","","","","3522","","For Sale"
"1742 E Joyce Blvd","","","","","","Fayetteville","0.00","","","Corey","","","","","","","","","","","","","","","","","","","","","","1848","","For Sale"
"2109 W Huntsville Ave","","","","","","Springdale","0.00","","","Corey","","","","","","","","","","","","","","","","","","","","","","2566","","For Sale"
"19 W Main St","","","","","","Farmington","0.00","","","Corey","","","","","","","","","","","","","","","","","","","","","","1613","","For Sale"
"117 E Sycamore St","","","","","","Fayetteville","0.00","","","Corey","","","","","","","","","","","","","","","","","","","","","","2708","","For Sale"
"2017 N Green Acres Rd","","","","","","Fayetteville","0.00","","","Corey","","","17.88","","53000.00","","","","","","","","","","","","","","","","","2964","","For Sale"
"2025 N Green Acres Rd","","","","","","Fayetteville","0.48","","","Cameron","","","","","700000.00","","","","","","","","","","","","","","","","","3330","","For Sale"
"1831 N Green Acres Rd","","","","","","Fayetteville","0.00","","","Corey","","","","","","","","","","","","","","","","","","","","","","1867","","For Sale"
"767 W N St","","","","","","Fayetteville","0.00","","","Corey","","","1510.19","","11187502.00","","","","","","","","","","","","","","","","","7408","","For Sale"
"711 Quandt Ave","","","","","","Springdale","0.00","","","Corey","","","48.29","","215000.00","","","","","","","","","","","","","","","","","4452","","For Sale"
"1915 N Green Acres Rd","","","","","","Fayetteville","0.00","","","Corey","","","114.79","","499000.00","","","","","","","","","","","","","","","","","4347","","For Sale"
"715 N College Ave","","","","","","Fayetteville","0.00","","","Corey","","","698.76","","1125000.00","","","","","","","","","","","","","","","","","1610","","For Sale"
"106 N Locust Ave","","","","","","Fayetteville","0.00","","","Corey","","","65.29","","111000.00","","","","","","","","","","","","","","","","","1700","","For Sale"
"3115 E Mission Blvd","","","","","","Fayetteville","0.00","","","Corey","","","87.87","","378000.00","","","","","","","","","","","","","","","","","4302","","For Sale"
"1105 Shipley St","","","","","","Springdale","0.00","","","Corey","","","21.82","","61000.00","","","","","","","","","","","","","","","","","2796","","For Sale"
"712 W Meadow Ave","","","","","","Springdale","0.00","","","Corey","","","","","","","","","","","","","","","","","","","","","","2676","","For Sale"
"512 S Mount Olive St","","","","","","Siloam Springs","0.00","","","Corey","","","124.07","","400000.00","","","","","","","","","","","","","","","","","3224","","For Sale"
"401 E Buchanan St","","","","","","Prairie Grove","0.00","","","Corey","","","","","","","","","","","","","","","","","","","","","","1417","","For Sale"
"3301 W Hudson Rd","","","","","","Rogers","0.00","","","Corey","","","57.77","","165000.00","","","","","","","","","","","","","","","","","2856","","For Sale"
"540 N 13Th St","","","","","","Rogers","0.00","","","Corey","","","","","","","","","","","","","","","","","","","","","","4581","","For Sale"
"2109 S 54Th St","","","","","","Rogers","0.00","","","Corey","","","","","","","","","","","","","","","","","","","","","","4324","","For Sale"
"212 S Broadway St","","","","","","Siloam Springs","0.00","","","Corey","","","","","","","","","","","","","","","","","","","","","","3687","","For Sale"
"1101 NE McClain Rd, Bentonville","","","","","","Bentonville","0.00","","","Corey","","","800.34","","4530700.00","","","","","","","","","","","","","","","","","5661","","For Sale"
"212 W Monroe Ave","","","","","","Lowell","0.00","","","Corey","","","347.90","","1425000.00","","","","","","","","","","","","","","","","","4096","","For Sale"
"325 S 6Th Pl","","","","","","Lowell","0.00","","","Corey","","","187.66","","3300000.00","","","","","","","","","","","","","","","","","17585","","For Sale"
"1107 W Elm St","","","","","","Rogers","0.00","","","Corey","","","57.57","","245000.00","","","","","","","","","","","","","","","","","4256","","For Sale"
"2 Halsted Cir","","","","","","Rogers","0.00","","","Corey","","","91.52","","164000.00","","","","","","","","","","","","","","","","","1792","","For Sale"
"960 S Mount Olive St","","","","","","Siloam Springs","0.00","","","Corey","","","","","","","","","","","","","","","","","","","","","","1550","","For Sale"
"615 W Oak St","","","","","","Rogers","0.00","","","Corey","","","45.21","","150000.00","","","","","","","","","","","","","","","","","3318","","For Sale"
"1615 W Persimmon St","","","","","","Rogers","0.00","","","Corey","","","","","","","","","","","","","","","","","","","","","","1800","","For Sale"
"3207 W Arapaho Dr","","","","","","Rogers","0.00","","","Corey","","","40.44","","107000.00","","","","","","","","","","","","","","","","","2646","","For Sale"
"1900 W Walnut St","","","","","","Rogers","33811.00","","","Corey","","","370.83","","1770715.00","","","","","1","","","","","","","","","","","","4824","","For Sale"
"5215 W Village Pkwy","","","","","","Rogers","0.00","","","Corey","","","85.85","","315000.00","","","","","","","","","","","","","","","","","3669","","For Sale"
"2886 W Walnut St","","","","","","Rogers","0.00","","","Corey","","","","","","","","","","","","","","","","","","","","","","4494","","For Sale"
"306 Ne Blake St","","","","","","Bentonville","0.00","","","Corey","","","78.71","","400000.00","","","","","","","","","","","","","","","","","5082","","For Sale"
"1616 Bella Vista Rd","","","","","","Bentonville","0.00","","","Corey","","","","","","","","","","","","","","","","","","","","","","5350","","For Sale"
"500 SE Plaza Ave","","","","","","Bentonville","0.00","","","Corey","","","32.24","","700000.00","","","","","","","","","","","","","","","","","9175","","For Sale"
"3718 S Pinnacle Hills Pkwy","","","","","","Rogers","0.00","","","Corey","","","59.24","","410988.00","","","","","","","","","","","","","","","","","6938","","For Sale"
"601 SW Regional Airport Blvd","","","","","","Bentonville","2.20","","","Corey; Michael","","","168.56","","2525000.00","","","","","1","","","","","","","","","","","","14980","","For Sale"
"1900 S Walton Blvd","","","","","","Bentonville","0.00","","","Corey","","","48.89","","220000.00","","","","","","","","","","","","","","","","","4500","","For Sale"
"82 N Rust Ave","","","","","","Gentry","0.00","","","Corey","","","","","","","","","","","","","","","","","","","","","","2808","","For Sale"
"602 N 13Th St","","","","","","Rogers","0.00","","","Corey","","","111.36","","400000.00","","","","","","","","","","","","","","","","","0","","For Sale"
"324 N 2Nd St","","","","","","Rogers","0.00","","","Corey","","","62.08","","315000.00","","","","","","","","","","","","","","","","","5074","","For Sale"
"906 NW 8th St","","","","","","Bentonville","0.00","","","Corey","","","","","","","","","","","","","","","","","","","","","","2930","","For Sale"
"600 Memorial Dr","","","","","","Bella Vista","0.00","","","Corey","","","","","","","","","","","","","","","","","","","","","","8488","","For Sale"
"5400 S 28Th Pl","","","","","","Rogers","0.00","","","Corey","","","107.71","","893000.00","","","","","","","","","","","","","","","","","8291","","For Sale"
"903 Nw 9Th St","","","","","","Bentonville","0.00","","","Corey","","","2.56","","5360.00","","","","","","","","","","","","","","","","","2090","","For Sale"
"801 N Curtis Ave","","","","","","Pea Ridge","0.00","","","Corey","","","","","","","","","","","","","","","","","","","","","","4816","","For Sale"
"740 S Holly St","","","","","","Siloam Springs","0.00","","","Corey","","","37.28","","75000.00","","","","","","","","","","","","","","","","","2012","","For Sale"
"2033 Ravenwood Pl","","","","","","Siloam Springs","0.00","","","Corey","","","27.13","","66847.00","","","","","","","","","","","","","","","","","2464","","For Sale"
"1102 Jackson St SW","","","","","","Gravette","0.00","","","Corey","","","24.67","","500000.00","","","","","","","","","","","","","","","","","20270","","For Sale"
"905 NW 8Th St","","","","","","Bentonville","0.00","","","Corey","","","128.69","","501500.00","","","","","","","","","","","","","","","","","3897","","For Sale"
"1138 E Centerton Blvd","","","","","","Centerton","0.94","","","Corey","2017","","","","","","","","","","","","","","","","","","","","","4758","","For Sale"
"500 S Mount Olive St","","","","","","Siloam Springs","0.00","","","Corey","","","","","","","","","","","","","","","","","","","","","","20484","","For Sale"
"2100 S 54Th St","","","","","","Rogers","0.00","","","Corey","","","","","","","","","","","","","","","","","","","","","","5617","","For Sale"
"900 S 52Nd St","","","","","","Rogers","0.00","","","Corey","","","351.59","","5500000.00","","","","","","","","","","","","","","","","","15643","","For Sale"
"643 E 3Rd St","","","","","","Gentry","0.00","","","Corey","","","75.00","","450000.00","","","","","","","","","","","","","","","","","6000","","For Sale"
"5300 S Southern Hills Ct","","","","","","Rogers","0.00","","","Corey","","","","","","","","","","","","","","","","","","","","","","6324","","For Sale"
"1114 W Poplar St","","","","","","Rogers","0.00","","","Corey","","","46.85","","489000.00","","","","","","","","","","","","","","","","","6845","","For Sale"
"2708 S Rife Medical Ln","","","","","","Rogers","0.00","","","Corey","","","387.94","","41133969.00","","","","","","","","","","","","","","","","","106031","","For Sale"
"102 Russell Rd","","","","","","Avoca","0.00","","","Corey","","","68.80","","171322.00","","","","","","","","","","","","","","","","","2490","","For Sale"
"624 W Poplar St","","","","","","Rogers","0.00","","","Corey","","","","","","","","","","","","","","","","","","","","","","1318","","For Sale"
"1104 Poplar Pl","","","","","","Rogers","0.00","","","Corey","","","127.06","","400000.00","","","","","","","","","","","","","","","","","3148","","For Sale"
"110 S 20th St","","","","","","Rogers","0.00","","","Corey","","","","","","","","","","","","","","","","","","","","","","4281","","For Sale"
"113 N Broadway St","","","","","","Siloam Springs","0.00","","","Corey","","","14.73","","35000.00","","","","","","","","","","","","","","","","","2376","","For Sale"
"4400 S Thompson St","","","","","","Springdale","1.40","","","Corey","","","","","","","","","","","","","","","","","","","","","","12200","","For Sale"
"14 Riordan Rd","","","","","","Bella Vista","0.00","","","Corey","","","77.16","","525000.00","","","","","","","","","","","","","","","","","6804","","For Sale"
"3721 Hwy 412 E","","","","","","Siloam Springs","0.00","","","Corey","","","","","","","","","","","","","","","","","","","","","","10303","","For Sale"
"1300 Slack St","","","","","","Pea Ridge","0.00","","","Corey","","","","","","","","","","","","","","","","","","","","","","2445","","For Sale"
"1019 W Cypress St","","","","","","Rogers","0.00","","","Corey","","","60.70","","1170000.00","","","","","","","","","","","","","","","","","19276","","For Sale"
"1300 N Progress Ave","","","","","","Siloam Springs","0.00","","","Corey","","","319.63","","1400000.00","","","","","","","","","","","","","","","","","4380","","For Sale"
"1002 S 52nd St","","","","","","Rogers","0.00","","","Corey","","","499.89","","17867686.00","","","","","","","","","","","","","","","","","35743","","For Sale"
"5505 W Walsh Ln","","","","","","Rogers","0.00","","","Corey","","","","","","","","","","","","","","","","","","","","","","7171","","For Sale"
"901 SE Plaza Ave","","","","","","Bentonville","0.00","","","Corey","","","31.43","","730000.00","","","","","","","","","","","","","","","","","23223","","For Sale"
"304 E Main St","","","","","","Gentry","0.00","","","Corey","","","40.45","","116000.00","","","","","","","","","","","","","","","","","2868","","For Sale"
"4100 SW I St","","","","","","Bentonville","0.00","","","Corey","","","174.70","","2400000.00","","","","","","","","","","","","","","","","","13738","","For Sale"
"609 W Maple Ave","","","","","","Springdale","0.00","","","Corey","","","","","","","","","","","","","","","","","","","","","","403089","","For Sale"
"815 W Persimmon St","","","","","","Rogers","0.00","","","Corey","","","","","","","","","","","","","","","","","","","","","","1977","","For Sale"
"12 E Appleyby Rd","","","","","","Fayetteville","0.00","","","Corey","","","","","","","","","","","","","","","","","","","","","","33339","","For Sale"
"435 Millsap Rd","","","","","","Fayetteville","0.00","","","Corey","","","","","","","","","","","","","","","","","","","","","","12016","","For Sale"
"3720 S Champions Dr","","","","","","Rogers","0.00","","","Corey","","","","","","","","","","","","","","","","","","","","","","45780","","For Sale"
"4001 W Financial Pkwy","","","","","","Rogers","0.00","","","Corey","","","467.97","","2250000.00","","","","","","","","","","","","","","","","","4808","","For Sale"
"2317 N Mount Olive St","","","","","","Siloam Springs","0.00","","","Corey","","","12.92","","38500.00","","","","","","","","","","","","","","","","","2980","","For Sale"
"1109 W Chestnut St","","","","","","Rogers","0.00","","","Corey","","","63.84","","110000.00","","","","","","","","","","","","","","","","","1723","","For Sale"
"1222 W Poplar St","","","","","","Rogers","0.00","","","Corey","","","","","","","","","","","","","","","","","","","","","","7608","","For Sale"
"620 S Mount Olive St","","","","","","Siloam Springs","0.00","","","Corey","","","","","","","","","","","","","","","","","","","","","","1592","","For Sale"
"5204 W Redbud St","","","","","","Rogers","0.00","","","Corey","","","404.94","","3800000.00","","","","","","","","","","","","","","","","","9384","","For Sale"
"1580 E Centerton Blvd","","","","","","Bentonville","0.00","","","Corey","","","","","","","","","","","","","","","","","","","","","","10988","","For Sale"
"3215 N Hills","","","","","","Fayetteville","0.00","","","Corey","","","","","","","","","","","","","","","","","","","","","","724000","","For Sale"
"5516 Walsh Ln","","","","","","Rogers","0.00","","","Corey","","","","","","","","","","","","","","","","","","","","","","15384","","For Sale"
"4301 Greathouse Springs Rd","","","","","","Johnson","0.00","","","Corey","","","","","","","","","","","","","","","","","","","","","","106961","","For Sale"
"153 E Monte Painter Dr","","","","","","Fayetteville","0.00","","","Corey","","","","","","","","","","","","","","","","","","","","","","55383","","For Sale"
"107 E Monte Painter Dr","","","","","","Fayetteville","0.00","","","Corey","","","","","","","","","","","","","","","","","","","","","","7865","","For Sale"
"415 E Longview St","","","","","","Fayetteville","0.00","","","Corey","","","","","","","","","","","","","","","","","","","","","","51684","","For Sale"
"390 E Longview St","","","","","","Fayetteville","0.00","","","Corey","","","","","","","","","","","","","","","","","","","","","","22960","","For Sale"
"4206 W New Hope Rd","","","","","","Rogers","0.00","","","Corey","","","","","","","","","","","","","","","","","","","","","","14280","","For Sale"
"1311 S Walton Blvd","","","","","","Bentonville","0.00","","","Corey","","","","","","","","","","","","","","","","","","","","","","14820","","For Sale"
"2964 W Martin Luther King Blvd","","","","","","Fayetteville","0.00","","","Corey","","","","","","","","","","","","","","","","","","","","","","14550","","For Sale"
"3873 N Parkview Dr","","","","","","Fayetteville","0.00","","","Corey","","","","","","","","","","","","","","","","","","","","","","55740","","For Sale"
"2002 S Thompson St","","","","","","Springdale","0.00","","","Corey","","","","","","","","","","","","","","","","","","","","","","15039","","For Sale"
"3234 E Robinson Ave","","","","","","Springdale","0.00","","","Corey","","","","","","","","","","","","","","","","","","","","","","14328","","For Sale"
"3499 Bella Vista Way","","","","","","Bella Vista","0.00","","","Corey","","","","","","","","","","","","","","","","","","","","","","14820","","For Sale"
"2300 SE J St","","","","","","Bentonville","0.00","","","Corey","","","","","","","","","","","","","","","","","","","","","","8000","","For Sale"
"1722 W Walnut St","","","","","","Rogers","0.00","","","Corey","","","","","","","","","","","","","","","","","","","","","","15053","","For Sale"
"2503 W Pleasant Grove Rd","","","","","","Rogers","0.00","","","Corey","","","","","","","","","","","","","","","","","","","","","","14820","","For Sale"
"440 Hwy 412 E","","","","","","Siloam Springs","0.00","","","Corey","","","","","","","","","","","","","","","","","","","","","","14729","","For Sale"
"1125 N College Ave","","","","","","Fayetteville","0.00","","","Corey","","","","","","","","","","","","","","","","","","","","","","68140","","For Sale"
"4015 W Wedington Dr","","","","","","Fayetteville","0.00","","","Corey","","","","","","","","","","","","","","","","","","","","","","14820","","For Sale"
"3251 W Sunset Ave","","","","","","Springdale","0.00","","","Corey","","","","","","","","","","","","","","","","","","","","","","13200","","For Sale"
"4007 N Shiloh Dr","","","","","","Fayetteville","0.00","","","Corey","","","","","","","","","","","","","","","","","","","","","","14448","","For Sale"
"300 E Township","","","","","","Fayetteville","0.00","","","Corey","","","","","","","","","","","","","","","","","","","","","","15120","","For Sale"
"2750 E Mission Blvd","","","","","","Fayetteville","0.00","","","Corey","","","","","","","","","","","","","","","","","","","","","","9142","","For Sale"
"2833 Bella Vista Way","","","","","","Bella Vista","0.00","","","Corey","","","439.55","","5850000.00","","","","","","","","","","","","","","","","","13309","","For Sale"
"2001 S Thompson","","","","","","Springdale","0.00","","","Corey","","","","","","","","","","","","","","","","","","","","","","13275","","For Sale"
"2828 N Mansfield Ave The Pendergraft Bldg","","","","","","Fayetteville","0.50","","","Corey","2023","","","","","","","","","","","","","","","","","","","","","16873","","For Sale"
"4405 W Persimmon St","","","","","","Fayetteville","0.00","","","Corey","","","","","","","","","","","","","","","","","","","","","","101805","","For Sale"
"2402 N College","","","","","","Fayetteville","0.00","","","Corey","","","","","","","","","","","","","","","","","","","","","","13225","","For Sale"
"1749 W Walnut St","","","","","","Rogers","0.00","","","Corey","","","","","","","","","","","","","","","","","","","","","","13225","","For Sale"
"800 SE Plaza Ave","","","","","","Bentonville","0.00","","","Corey","","","","","","","","","","","","","","","","","","","","","","6000","","For Sale"
"1923 E Joyce Ave","","","","","","Fayetteville","0.00","","","Corey","","","","","","","","","","","","","","","","","","","","","","460518","","For Sale"
"55 W Rainsong","","","","","","Farmington","0.00","","","Corey","","","","","","","","","","","","","","","","","","","","","","60783","","For Sale"
"3434 N Blessing Dr","","","","","","Fayetteville","0.00","","","Corey","","","","","","","","","","","","","","","","","","","","","","100000","","For Sale"
"4252 N Crossover Rd","","","","","","Fayetteville","0.00","","","Corey","","","","","","","","","","","","","","","","","","","","","","106399","","For Sale"
"4461 N Crossover Rd","","","","","","Fayetteville","0.00","","","Corey","","","","","","","","","","","","","","","","","","","","","","59325","","For Sale"
"2175 Orchard St","","","","","","Springdale","0.00","","","Corey","","","149.79","","7512552.00","","","","","","","","","","","","","","","","","50154","","For Sale"
"1101 S Promenade","","","","","","Rogers","0.00","","","Corey","","","265.95","","14627485.00","","","","","","","","","","","","","","","","","55000","","For Sale"
"650 S Dodson Rd","","","","","","Rogers","0.00","","","Corey","","","","","","","","","","","","","","","","","","","","","","141362","","For Sale"
"672 Jones Rd","","","","","","Springdale","0.00","","","Corey","","","231.52","","12090047.00","","","","","","","","","","","","","","","","","52220","","For Sale"
"1092 W Stultz Rd","","","","","","Springdale","0.00","","","Corey","","","","","","","","","","","","","","","","","","","","","","52608","","For Sale"
"602 N Walton Blvd","","","","","","Bentonville","0.00","","","Corey","","","66.29","","4960500.00","","","","","","","","","","","","","","","","","74826","","For Sale"
"901 Jones Rd.","","","","","","Springdale","0.00","","","Corey","","","","","","","","","","","","","","","","","","","","","","0","","For Sale"
"2029 S Hampton Pl","","","","","","Rogers","0.00","","","Corey","","","","","","","","","","","","","","","","","","","","","","85921","","For Sale"
"2600 N 22nd St","","","","","","Rogers","0.00","","","Corey","","","","","","","","","","","","","","","","","","","","","","99307","","For Sale"
"2001 S Hampton Pl","","","","","","Rogers","0.00","","","Corey","","","","","","","","","","","","","","","","","","","","","","65085","","For Sale"
"601 NE Greenwood Way","","","","","","Bentonville","0.00","","","Corey","","","","","","","","","","","","","","","","","","","","","","30000","","For Sale"
"1570 W Centerton Blvd","","","","","","Centerton","0.00","","","Corey","","","114.45","","6192000.00","","","","","","","","","","","","","","","","","54100","","For Sale"
"197 E Main St","","","","","","Farmington","0.00","","","Corey","","","","","","","","","","","","","","","","","","","","","","10560","","For Sale"
"2300 SE 28th St","","","","","","Bentonville","0.00","","","Corey","","","","","","","","","","","","","","","","","","","","","","62206","","For Sale"
"2050 W Martin Luther King Jr Blvd","","","","","","Fayetteville","0.27","","","Corey","1993","","","","","","","","","","","","","","","","","","","","","1084","","For Sale"
"25 E Center St","","","","","","Fayetteville","0.10","","","Corey","1925","","","","","","","","","","","","","","","","","","","","","6452","","For Sale"
"2522 E Robinson Ave","","","","","","Springdale","0.66","","","Palmer","","","","","240000.00","","","","","","","","","","","","","","","","","0","","For Sale"
"2505 S Walton Blvd - Kimberly Plaza","","","","","","Bentonville","1.66","","","Tyler","1997","","","","","","","","","","","","","","","","","","","","","15328","","For Sale"
"1133 N Walton Blvd","","","","","","Bentonville","0.64","","","Cameron","2008","","","","","","","","","","","","","","","","","","","","","6912","","For Sale"
"400 N Walton Blvd","","","","","","Bentonville","1.03","","","Cameron","2009","","","","","","","","","","","","","","","","","","","","","10040","","For Sale"
"1301 N Walton Blvd","","","","","","Bentonville","0.77","","","Tyler","2011","","","","","","","","","","","","","","","","","","","","","10558","","For Sale"
"700 SE Walton Blvd","","","","","","Bentonville","2.47","","","Michael","2005","","","","","","","","","","","","","","","","","","","","","20421","","For Sale"
"1400 SE Walton Blvd","","","","","","Bentonville","10.12","","","Tyler","2003","","","","","","","","","","","","","","","","","","","","","71568","","For Sale"
"1003 SE 14th St - Pinnacle Plaza","","","","","","Bentonville","1.54","","","Tyler","2008","","","","","","","","","","","","","","","","","","","","","31604","","For Sale"
"3724 W Walnut St","","","","","","Rogers","1.07","","","Cameron","1992","","","","","","","","","","","","","","","","","","","","","13760","","For Sale"
"3403 W Walnut St","","","","","","Rogers","0.92","","","Cameron","1996","","","","","","","","","","","","","","","","","","","","","5160","","For Sale"
"1601 W Walnut St","","","","","","Rogers","0.98","","","Cameron","2005","","","","","","","","","","","","","","","","","","","","","6000","","For Sale"
"2929 W Walnut St","","","","","","Rogers","0.65","","","Cameron","2002","","","","","","","","","","","","","","","","","","","","","3120","","For Sale"
"1717 W Walnut St","","","","","","Rogers","0.88","","","Cameron","2001","","","","","","","","","","","","","","","","","","","","","6825","","For Sale"
"1231 W Walnut St","","","","","","Rogers","1.23","","","Cameron","2005","","","","","","","","","","","","","","","","","","","","","24470","","For Sale"
"721 W Walnut St","","","","","","Rogers","0.29","","","Cameron","2003","","","","","","","","","","","","","","","","","","","","","3000","","For Sale"
"1035 W Walnut St","","","","","","Rogers","0.44","","","Cameron","2003","","","","","","","","","","","","","","","","","","","","","1800","","For Sale"
"400-416 S Eighth St","","","","","","Rogers","2.41","","","Cameron","2004","","","","","","","","","","","","","","","","","","","","","42750","","For Sale"
"1604-1640 S Eighth St","","","","","","Rogers","10.31","","","Cameron","1998","","","","","","","","","","","","","","","","","","","","","56571","","For Sale"
"4600 W Walnut St","","","","","","Rogers","2.50","","","Corey","2000","","","","","","","","","","","","","","","","","","","","","27024","","For Sale"
"65 Sunbridge Dr E","","","","","","Fayetteville","0.65","421500.00","","Cameron","","","","","","","","","","","","","1","","","","","","","","","2592","","For Sale"
"101 SE 22nd St","","","","","","Bentonville","0.00","","","Cameron","2001","","","","","","","","","","","","1","","","","","","","","","6120","","For Sale"
"2714 SE Otis Corley Dr","3","1","","","","Bentonville","2.95","","","Clinton","1999","","","","8250000.00","","","","","","","","1","","","","","","","","","39652","","For Sale"
"Mercy Village MASTER","","","","","","Rogers","10.40","","","","","","","","","","","","","0","","","","","","","","","","","","0","","For Sale"
"Mercy Village bldg A","","","","","","Rogers","","","","","","","","","","","","","","","","","","","","","","","","","","15000","","For Sale"
"Dollar General - 8100 SW Regional Airport Blvd","","","24","","","Bentonville","1.29","9.99","105336.00","Clinton","2022","","163.80","","1726820.00","","","","","1","","","1","","","","","NNN","","","","10542","","For Sale"
"Dollar General - 1153 Wagon Wheel Road","","","24","","","Springdale","1.18","10.87","114816.00","Clinton","2022","","178.00","","1882230.00","","","","","1","","","1","","","","","NNN","","15000","","10566","","For Sale"
"120 W Central","","","4","","","Bentonville","0.11","","","","1920","","1288.66","","2500000.00","","","","","1","","","1","","","","","","","","","1940","","For Sale"
"641 N E St","","","","","","Rogers","2.50","","","","","","","","","","","","","","","","","","","","","","","","","0","","For Sale"
"Mills Farm","","","","","","Rogers","","","","","","","","","","","","","","","","","","","","","","","","","","0","","For Sale"
"Bentonville Office Complex - Building 1","","","","","","Bentonville","","21.04","350097.00","","2015","","","","","","","","","1","","","","","","","","NNN","","","","16639","","For Sale"
"Bentonville Office Complex - MASTER","","","","","","","","","","","","","","","","","","","","","","","","","","","","","","","","0","",""
"Bentonville Office Complex - Building 3","","","","","","Bentonville","","18.16","168516.00","","2007","","","","","","","","","1","","","","","","","","MG","","","","9281","","For Sale"
"Bentonville Office Complex - Building 6","","","","","","Bentonville","","17.63","244069.00","","2004","","","","","","","","","1","","","","","","","","MG","","","","19609","","For Sale"
"Bentonville Office Complex - Building 4","","","","","","Bentonville","","19.15","226914.00","","2008","","","","","","","","","1","","","","","","","","NNN","","","","11851","","For Sale"
"Bentonville Office Complex - Building 5","","","","","","Bentonville","","22.57","1026421.00","","2015","","","","","","","","","1","","","","","","","","NNN","","","","45485","","For Sale"
"Bentonville Office Complex - Building 7","","","","","","Bentonville","","18.55","167283.00","","2006","","","","","","","","","1","","","","","","","","MG","","","","13947","","For Sale"
"Bentonville Office Complex - Vacant Lot","","","","","","Bentonville","1.35","","","","","","","","","","","","","","","","","","","","","","","","","0","","For Sale"
"3113 N Walton Blvd","","","","","","Bentonville","1.35","","","","2002","","","","","","","","","1","","","2","","","","","","","","","11032","","For Sale"
"400 W Capitol Ave, Little Rock, AR, 72941","","","640","","","Little Rock","","","","Clinton","1975","","","","","","","","","1","","","31","","","","","","","","","530181","","For Sale"
"1400 SE Eagle Way (Billboard)","","","","","","Bentonville","","","13200.00","Clinton","","","","","200000.00","","","","","","","","","","","","","NNN","","","","0","","For Sale"
"3552 S 27th St","","","","","","Rogers","7.81","","","N/A - Other","","","","","","","","","","","","","","","","","","","","","","0","","For Sale"
"Archers Business Park - MASTER","","","","","","","","","","N/A - Other","","","","","","","","","","","","","","","","","","","","","","0","",""
"1402 E Central Ave - Archers Business Park - Building 1","","","33","","","Bentonville","4.03","","","N/A - Other","","","","","","","","","","1","","","","","","","","","","","","14950","","For Sale"
"1404 E Central Ave - Archers Business Park - Building 2","","","28","","","Bentonville","","","","N/A - Other","","","","","","","","","","1","","","","","","","","","","","","11419","","For Sale"
"1400 E Central Ave - Archers Business Park - Building 5","","","21","","","Bentonville","","","","N/A - Other","2015","","","","","","","","","1","","","1","","","","","","","","","8250","","For Sale"
"3868 HWY 412 E","","","132","","","Siloam Springs","1.90","","190000.00","N/A - Other; Clinton","2025","","557.12","","3619047.00","","","","","1","","","1","","","","","","","27525","","6496","","For Sale"
"1401 E Main St","","","140","","","Russellville","1.64","","190000.00","N/A - Other; Clinton","2025","","557.12","","3619047.00","","","","","1","","","1","","","","","","","24534","","3964","","For Sale"
"109 SE 22nd St, Bentonville, AR, 72712","","","","","","Bentonville","","15.75","","N/A - Other; Corey; Oksana","2006","","","","","","","","","1","","","1","","","","","","","","","12332","","For Sale"
"5206 Village Pkwy - Village on the Creeks","","","80","","","Rogers","2.17","26.00","","Butch","1996","","","","","","","","","1","","6","1","","","","","","","","","21808","","For Sale"
"5208 Village Pkwy - Village on the Creeks","","","42","","","Rogers","1.33","","","Butch","1999","","","","","","","","","1","","8","1","","","","","NNN","","","","18889","","For Sale"
"5212 Village Pkwy - Village on the Creeks","","","36","","","Rogers","1.37","","","Butch","1997","","","","","","","","","1","","","1","","","","","","","","","16324","","For Sale"
"5215 Village Pkwy - Village on the Creeks","","","72","","","Rogers","0.92","","","Butch","2016","","","","","","","","","1","","1","1","","","","","","","","","3669","","For Sale"
"5214 Village Pkwy - Village on the Creeks","","","261","","","Rogers","3.92","","","Butch","1996","","","","","","","","","1","","3","2","","","","","","","","","38202","","For Sale"
"5302 Village Pkwy - Village on the Creeks","","","30","","","Rogers","0.94","","","Butch","1999","","","","","","","","","1","","2","1","","","","","","","","","10080","","For Sale"
"5308 Village Pkwy - Village on the Creeks","","","22","","","Rogers","0.60","","","Butch","1996","","","","","","","","","1","","1","1","","","","","","","","","6510","","For Sale"
"5305 Village Pkwy - Village on the Creeks","","","70","","","Rogers","2.11","","","Butch","1999","","","","","","","","","1","","9","1","","","","","","","","","16464","","For Sale"
"5309 Village Pkwy - Village on the Creeks","","","16","","","Rogers","0.50","","","Butch","2000","","","","","","","","","1","","2","1","","","","","","","","","5008","","For Sale"
"5306 Village Pkwy - Village on the Creeks","","","21","","","Rogers","0.62","","","Butch","1998","","","","","","","","","1","","2","1","","","","","","","","","6082","","For Sale"
"5310 Village Pkwy - Village on the Creeks","","","27","","","Rogers","1.18","","","Butch","1996","","","","","","","","","1","","4","1","","","","","","","","","12764","","For Sale"
"2103 S 54th St - Village on the Creeks","","","18","","","Rogers","1.18","","","Butch","1996","","","","","","","","","1","","2","1","","","","","","","","","12764","","For Sale"
"2102 S 54th St - Village on the Creeks","","","19","","","Rogers","0.59","","","Butch","1997","","","","","","","","","1","","3","1","","","","","","","","","5230","","For Sale"
"2105 S 54th St - Village on the Creeks - #2","","","19","","","Rogers","0.63","","","Butch","2000","","","","","","","","","1","","1","1","","","","","","","","","5180","","For Sale"
"2106 S 54th St - Village on the Creeks","","","19","","","Rogers","0.59","","","Butch","1999","","","","","","","","","1","","4","1","","","","","","","","","5040","","For Sale"
"2104 S 54th St - Village on the Creeks","","","19","","","Rogers","0.59","","","Butch","2000","","","","","","","","","1","","2","1","","","","","","","","","5180","","For Sale"
"2107 S 54th St - Village on the Creeks","","","20","","","Rogers","0.61","","","Butch","2000","","","","","","","","","1","","1","1","","","","","","","","","7688","","For Sale"
"Commerce Office Park MASTER","","","","","","","","","","N/A - Other","","","","","","","","","","","","","","","","","","","","","","0","",""
"715 S 8th St","","","","","","Rogers","","","","Corey","","","","","","","","","","1","","","","","","","","","","","","0","","For Sale"
"South Walton Plaza","","","","","","","","","","Corey","","","","","","","","","","","","","","","","","","","","","","0","",""
"1500 E Dave Ward Dr","","","","","","Conway","","21.00","","Clinton","","","","","","","","","","","","","","","","","","","","","","0","","For Sale"
"1295 W Van Asche Dr","","","","","","Fayetteville","4.02","","","Corey","","","8.00","","1400889.60","","","","","","","","","","","","","","","","","0","","For Sale"
"162 Grading Ln","","","","","","Cave Springs","","","","N/A - Other","","","","","","","","","","","","","","","","","","","","","","0","","For Sale"
"507 W Monroe Avenue Unit#A & B","","","","","","Lowell","1.92","26.00","","Corey","2018","","","","","","","","","","","","","","","","Multi-Tenant Building, Single Tenant/Free Standing","Triple Net Lease","","","","6600","","For Lease"
